25,0.0,0.0,-0.14285714285714285,-0.09126984126984126,-0.21031746031746032,-0.23015873015873015,-0.0992063492063492,-0.3055555555555556,0.01984126984126984,-0.34523809523809523,-0.1865079365079365,-0.503968253968254,-0.21031746031746032,-0.7301587301587301,-0.21428571428571427,-0.876984126984127,-0.21428571428571427,-1.0,-0.051587301587301584,-0.4880952380952381,-0.0873015873015873,-0.5515873015873016,-0.11904761904761904,-0.4087301587301587,-0.13095238095238096,-0.3412698412698413,0.07539682539682539,-0.4365079365079365,0.047619047619047616,-0.4880952380952381,0.007936507936507936,-0.36507936507936506,-0.011904761904761904,-0.3253968253968254,0.1865079365079365,-0.3611111111111111,0.15873015873015872,-0.3968253968253968,0.09523809523809523,-0.31746031746031744,0.06746031746031746,-0.2857142857142857
25,0.0,0.0,-0.15833333333333333,-0.08333333333333333,-0.2375,-0.21666666666666667,-0.12916666666666668,-0.29583333333333334,-0.008333333333333333,-0.35,-0.19583333333333333,-0.5125,-0.225,-0.725,-0.22916666666666666,-0.875,-0.2125,-1.0,-0.04583333333333333,-0.5125,-0.1,-0.5291666666666667,-0.125,-0.3541666666666667,-0.1125,-0.30416666666666664,0.0875,-0.4666666666666667,0.029166666666666667,-0.44583333333333336,-0.008333333333333333,-0.3,-0.008333333333333333,-0.2791666666666667,0.20416666666666666,-0.3958333333333333,0.14166666666666666,-0.3875,0.07916666666666666,-0.2833333333333333,0.0625,-0.2708333333333333
25,0.0,0.0,-0.15668202764976957,-0.06912442396313365,-0.25806451612903225,-0.19815668202764977,-0.18433179723502305,-0.2626728110599078,-0.06451612903225806,-0.271889400921659,-0.17050691244239632,-0.5299539170506913,-0.19815668202764977,-0.728110599078341,-0.20276497695852536,-0.880184331797235,-0.1889400921658986,-1.0,0.009216589861751152,-0.5483870967741935,-0.06451612903225806,-0.5069124423963134,-0.10138248847926268,-0.3317972350230415,-0.08294930875576037,-0.3087557603686636,0.15668202764976957,-0.48847926267281105,0.07834101382488479,-0.41013824884792627,0.013824884792626729,-0.2764976958525346,0.018433179723502304,-0.271889400921659,0.271889400921659,-0.3870967741935484,0.17972350230414746,-0.3225806451612903,0.0967741935483871,-0.22580645161290322,0.08755760368663594,-0.21658986175115208
25,0.0,0.0,-0.17703349282296652,-0.06698564593301436,-0.2822966507177033,-0.21052631578947367,-0.19138755980861244,-0.27751196172248804,-0.06698564593301436,-0.291866028708134,-0.20095693779904306,-0.5358851674641149,-0.22488038277511962,-0.7272727272727273,-0.22966507177033493,-0.8755980861244019,-0.215311004784689,-1.0,-0.023923444976076555,-0.5645933014354066,-0.09569377990430622,-0.507177033492823,-0.12440191387559808,-0.3349282296650718,-0.09569377990430622,-0.2966507177033493,0.1291866028708134,-0.5119617224880383,0.04784688995215311,-0.41626794258373206,-0.004784688995215311,-0.2727272727272727,0.004784688995215311,-0.2583732057416268,0.24880382775119617,-0.41626794258373206,0.15789473684210525,-0.3492822966507177,0.09090909090909091,-0.23923444976076555,0.0861244019138756,-0.22009569377990432
25,0.0,0.0,-0.15246636771300448,-0.07174887892376682,-0.23766816143497757,-0.19730941704035873,-0.14798206278026907,-0.2600896860986547,-0.02242152466367713,-0.2914798206278027,-0.17937219730941703,-0.5201793721973094,-0.20179372197309417,-0.726457399103139,-0.20179372197309417,-0.8789237668161435,-0.18385650224215247,-1.0,-0.013452914798206279,-0.5246636771300448,-0.07623318385650224,-0.5112107623318386,-0.10762331838565023,-0.33183856502242154,-0.09865470852017937,-0.28699551569506726,0.12556053811659193,-0.47085201793721976,0.05829596412556054,-0.4260089686098655,0.0,-0.2825112107623318,0.004484304932735426,-0.26905829596412556,0.242152466367713,-0.38565022421524664,0.17488789237668162,-0.36771300448430494,0.09417040358744394,-0.26905829596412556,0.07623318385650224,-0.25112107623318386
25,0.0,0.0,-0.14682539682539683,-0.09126984126984126,-0.20634920634920634,-0.25,-0.0873015873015873,-0.3531746031746032,0.047619047619047616,-0.38095238095238093,-0.1984126984126984,-0.5,-0.2222222222222222,-0.7341269841269841,-0.21825396825396826,-0.8809523809523809,-0.21428571428571427,-1.0,-0.06746031746031746,-0.48412698412698413,-0.0873015873015873,-0.5952380952380952,-0.10317460317460317,-0.46825396825396826,-0.11904761904761904,-0.38095238095238093,0.05555555555555555,-0.44047619047619047,0.047619047619047616,-0.5436507936507936,0.011904761904761904,-0.4246031746031746,-0.015873015873015872,-0.3531746031746032,0.16666666666666666,-0.376984126984127,0.14285714285714285,-0.4444444444444444,0.0873015873015873,-0.373015873015873,0.05555555555555555,-0.3253968253968254
25,0.0,0.0,-0.13821138211382114,-0.08943089430894309,-0.21544715447154472,-0.25203252032520324,-0.1016260162601626,-0.36585365853658536,0.028455284552845527,-0.4186991869918699,-0.21951219512195122,-0.508130081300813,-0.24390243902439024,-0.7357723577235772,-0.24390243902439024,-0.8780487804878049,-0.24390243902439024,-1.0,-0.08536585365853659,-0.4959349593495935,-0.10975609756097561,-0.6138211382113821,-0.12195121951219512,-0.45934959349593496,-0.13008130081300814,-0.3861788617886179,0.04065040650406504,-0.45121951219512196,0.024390243902439025,-0.5528455284552846,-0.008130081300813009,-0.4024390243902439,-0.028455284552845527,-0.34146341463414637,0.15447154471544716,-0.3821138211382114,0.12195121951219512,-0.45528455284552843,0.06910569105691057,-0.35772357723577236,0.036585365853658534,-0.3089430894308943
25,0.0,0.0,-0.14107883817427386,-0.08713692946058091,-0.22406639004149378,-0.24896265560165975,-0.11203319502074689,-0.3775933609958506,0.02074688796680498,-0.43568464730290457,-0.25311203319502074,-0.5020746887966805,-0.2946058091286307,-0.7344398340248963,-0.3029045643153527,-0.8755186721991701,-0.3070539419087137,-1.0,-0.11203319502074689,-0.5020746887966805,-0.13278008298755187,-0.6182572614107884,-0.12863070539419086,-0.45228215767634855,-0.13278008298755187,-0.3900414937759336,0.012448132780082987,-0.4730290456431535,0.008298755186721992,-0.5684647302904564,-0.012448132780082987,-0.4107883817427386,-0.03319502074688797,-0.35269709543568467,0.12863070539419086,-0.4149377593360996,0.11618257261410789,-0.4854771784232365,0.07053941908713693,-0.3775933609958506,0.04149377593360996,-0.3278008298755187
25,0.0,0.0,-0.14522821576763487,-0.0912863070539419,-0.22821576763485477,-0.26141078838174275,-0.11618257261410789,-0.3941908713692946,0.012448132780082987,-0.4605809128630705,-0.24896265560165975,-0.4979253112033195,-0.2946058091286307,-0.7302904564315352,-0.3029045643153527,-0.8755186721991701,-0.3070539419087137,-1.0,-0.12033195020746888,-0.49377593360995853,-0.13278008298755187,-0.6348547717842323,-0.13692946058091288,-0.47717842323651455,-0.14522821576763487,-0.3983402489626556,0.004149377593360996,-0.46887966804979253,0.0,-0.5809128630705395,-0.02074688796680498,-0.42323651452282157,-0.03734439834024896,-0.35684647302904565,0.12033195020746888,-0.4149377593360996,0.1037344398340249,-0.5062240663900415,0.06639004149377593,-0.4024896265560166,0.04564315352697095,-0.34024896265560167
25,0.0,0.0,-0.1440329218106996,-0.09465020576131687,-0.22633744855967078,-0.2674897119341564,-0.1111111111111111,-0.40329218106995884,0.0205761316872428,-0.4691358024691358,-0.24691358024691357,-0.5020576131687243,-0.2839506172839506,-0.7325102880658436,-0.2880658436213992,-0.8806584362139918,-0.2880658436213992,-1.0,-0.11522633744855967,-0.49794238683127573,-0.13580246913580246,-0.6419753086419753,-0.13991769547325103,-0.48148148148148145,-0.1440329218106996,-0.4074074074074074,0.012345679012345678,-0.4691358024691358,0.00411522633744856,-0.5720164609053497,-0.0205761316872428,-0.41975308641975306,-0.03292181069958848,-0.35390946502057613,0.12345679012345678,-0.411522633744856,0.10699588477366255,-0.49382716049382713,0.06172839506172839,-0.39094650205761317,0.0411522633744856,-0.3333333333333333
25,0.0,0.0,-0.1638655462184874,-0.08403361344537816,-0.25630252100840334,-0.23949579831932774,-0.15966386554621848,-0.3697478991596639,-0.029411764705882353,-0.4411764705882353,-0.2857142857142857,-0.5,-0.3739495798319328,-0.7310924369747899,-0.42016806722689076,-0.8781512605042017,-0.453781512605042,-1.0,-0.14705882352941177,-0.5084033613445378,-0.18487394957983194,-0.6218487394957983,-0.17647058823529413,-0.46638655462184875,-0.1722689075630252,-0.37815126050420167,-0.008403361344537815,-0.4789915966386555,-0.037815126050420166,-0.5714285714285714,-0.0546218487394958,-0.42016806722689076,-0.06302521008403361,-0.3445378151260504,0.1134453781512605,-0.41596638655462187,0.07563025210084033,-0.48739495798319327,0.029411764705882353,-0.38235294117647056,0.012605042016806723,-0.3235294117647059
25,0.0,0.0,-0.19069767441860466,-0.06976744186046512,-0.3116279069767442,-0.21395348837209302,-0.23255813953488372,-0.34418604651162793,-0.10232558139534884,-0.4232558139534884,-0.3581395348837209,-0.49767441860465117,-0.4930232558139535,-0.7302325581395349,-0.5674418604651162,-0.8744186046511628,-0.6232558139534884,-1.0,-0.20930232558139536,-0.5255813953488372,-0.27906976744186046,-0.6511627906976745,-0.2651162790697674,-0.4930232558139535,-0.25116279069767444,-0.39069767441860465,-0.06046511627906977,-0.5069767441860465,-0.11162790697674418,-0.6093023255813953,-0.12093023255813953,-0.46511627906976744,-0.12093023255813953,-0.3767441860465116,0.07906976744186046,-0.4558139534883721,0.023255813953488372,-0.5116279069767442,-0.018604651162790697,-0.4046511627906977,-0.03255813953488372,-0.3395348837209302
25,0.0,0.0,-0.19402985074626866,-0.05472636815920398,-0.3383084577114428,-0.18407960199004975,-0.26865671641791045,-0.32338308457711445,-0.13432835820895522,-0.39800995024875624,-0.4129353233830846,-0.48756218905472637,-0.5771144278606966,-0.7213930348258707,-0.6666666666666666,-0.8706467661691543,-0.736318407960199,-1.0,-0.25870646766169153,-0.527363184079602,-0.3482587064676617,-0.6417910447761194,-0.31840796019900497,-0.4626865671641791,-0.2835820895522388,-0.36318407960199006,-0.09950248756218906,-0.5223880597014925,-0.16417910447761194,-0.6069651741293532,-0.15920398009950248,-0.4427860696517413,-0.13930348258706468,-0.36318407960199006,0.06467661691542288,-0.48258706467661694,0.0,-0.5572139303482587,-0.03980099502487562,-0.44776119402985076,-0.04477611940298507,-0.38308457711442784
25,0.0,0.0,-0.19402985074626866,-0.04477611940298507,-0.3333333333333333,-0.17412935323383086,-0.263681592039801,-0.31343283582089554,-0.12935323383084577,-0.39800995024875624,-0.42786069651741293,-0.4975124378109453,-0.5870646766169154,-0.7213930348258707,-0.6766169154228856,-0.8706467661691543,-0.7412935323383084,-1.0,-0.26865671641791045,-0.5472636815920398,-0.34328358208955223,-0.6417910447761194,-0.31343283582089554,-0.4626865671641791,-0.2885572139303483,-0.36318407960199006,-0.1044776119402985,-0.5422885572139303,-0.15422885572139303,-0.5920398009950248,-0.13930348258706468,-0.42786069651741293,-0.13432835820895522,-0.35323383084577115,0.05472636815920398,-0.4975124378109453,0.004975124378109453,-0.5323383084577115,-0.024875621890547265,-0.4129353233830846,-0.029850746268656716,-0.3582089552238806
25,0.0,0.0,-0.15546218487394958,-0.09243697478991597,-0.23109243697478993,-0.23949579831932774,-0.12605042016806722,-0.33613445378151263,0.004201680672268907,-0.37815126050420167,-0.226890756302521,-0.5168067226890757,-0.28991596638655465,-0.7352941176470589,-0.31512605042016806,-0.8781512605042017,-0.3403361344537815,-1.0,-0.08823529411764706,-0.5168067226890757,-0.10504201680672269,-0.6092436974789915,-0.11764705882352941,-0.47478991596638653,-0.13445378151260504,-0.3907563025210084,0.046218487394957986,-0.47478991596638653,0.029411764705882353,-0.5294117647058824,0.0,-0.39915966386554624,-0.02100840336134454,-0.3445378151260504,0.16806722689075632,-0.40336134453781514,0.13445378151260504,-0.4327731092436975,0.07563025210084033,-0.3445378151260504,0.03361344537815126,-0.3025210084033613
25,0.0,0.0,-0.12757201646090535,-0.12345679012345678,-0.13991769547325103,-0.2757201646090535,0.012345679012345678,-0.3333333333333333,0.1522633744855967,-0.34156378600823045,-0.08641975308641975,-0.51440329218107,-0.07818930041152264,-0.7407407407407407,-0.05761316872427984,-0.8806584362139918,-0.037037037037037035,-1.0,0.053497942386831275,-0.4773662551440329,0.06995884773662552,-0.5925925925925926,0.03292181069958848,-0.4567901234567901,0.00411522633744856,-0.37037037037037035,0.16872427983539096,-0.40329218106995884,0.19753086419753085,-0.4773662551440329,0.13991769547325103,-0.35802469135802467,0.09465020576131687,-0.3045267489711934,0.26337448559670784,-0.3045267489711934,0.2757201646090535,-0.34156378600823045,0.205761316872428,-0.2716049382716049,0.14814814814814814,-0.23868312757201646
25,0.0,0.0,-0.11020408163265306,-0.1306122448979592,-0.10612244897959183,-0.2897959183673469,0.04897959183673469,-0.3346938775510204,0.1836734693877551,-0.3306122448979592,-0.024489795918367346,-0.5183673469387755,0.0163265306122449,-0.7428571428571429,0.061224489795918366,-0.8816326530612245,0.10204081632653061,-1.0,0.11020408163265306,-0.4775510204081633,0.1306122448979592,-0.5918367346938775,0.07755102040816327,-0.46122448979591835,0.04897959183673469,-0.39183673469387753,0.22040816326530613,-0.39183673469387753,0.24897959183673468,-0.4775510204081633,0.17959183673469387,-0.3795918367346939,0.13877551020408163,-0.3346938775510204,0.2979591836734694,-0.2897959183673469,0.30612244897959184,-0.33877551020408164,0.22857142857142856,-0.2979591836734694,0.1673469387755102,-0.2816326530612245
25,0.0,0.0,-0.1087866108786611,-0.12552301255230125,-0.09623430962343096,-0.2803347280334728,0.07531380753138076,-0.30962343096234307,0.2301255230125523,-0.301255230125523,0.0,-0.5271966527196653,0.09205020920502092,-0.7531380753138075,0.17154811715481172,-0.8870292887029289,0.24267782426778242,-1.0,0.13807531380753138,-0.46443514644351463,0.18828451882845187,-0.5774058577405857,0.1087866108786611,-0.4393305439330544,0.06276150627615062,-0.37656903765690375,0.24686192468619247,-0.37656903765690375,0.301255230125523,-0.4560669456066946,0.2175732217573222,-0.3389121338912134,0.1589958158995816,-0.29707112970711297,0.3263598326359833,-0.27615062761506276,0.36401673640167365,-0.3138075313807531,0.2803347280334728,-0.24686192468619247,0.2175732217573222,-0.22594142259414227
25,0.0,0.0,-0.13524590163934427,-0.10655737704918032,-0.16393442622950818,-0.26229508196721313,-0.00819672131147541,-0.32786885245901637,0.15163934426229508,-0.3483606557377049,-0.12704918032786885,-0.5204918032786885,-0.10655737704918032,-0.7418032786885246,-0.06557377049180328,-0.8811475409836066,-0.02459016393442623,-1.0,0.020491803278688523,-0.4959016393442623,0.03278688524590164,-0.6065573770491803,-0.004098360655737705,-0.45901639344262296,-0.036885245901639344,-0.38114754098360654,0.14344262295081966,-0.430327868852459,0.16393442622950818,-0.4918032786885246,0.10655737704918032,-0.35655737704918034,0.06557377049180328,-0.3114754098360656,0.24180327868852458,-0.3360655737704918,0.25,-0.36475409836065575,0.18032786885245902,-0.2827868852459016,0.12704918032786885,-0.25
25,0.0,0.0,-0.14227642276422764,-0.0975609756097561,-0.1951219512195122,-0.24390243902439024,-0.06097560975609756,-0.3170731707317073,0.07317073170731707,-0.34959349593495936,-0.18699186991869918,-0.5203252032520326,-0.21544715447154472,-0.7357723577235772,-0.22357723577235772,-0.8821138211382114,-0.21951219512195122,-1.0,-0.036585365853658534,-0.508130081300813,-0.044715447154471545,-0.5975609756097561,-0.08130081300813008,-0.43089430894308944,-0.0975609756097561,-0.3699186991869919,0.0975609756097561,-0.45528455284552843,0.1016260162601626,-0.5121951219512195,0.04065040650406504,-0.3617886178861789,0.008130081300813009,-0.3252032520325203,0.2073170731707317,-0.37398373983739835,0.2032520325203252,-0.4065040650406504,0.13414634146341464,-0.3089430894308943,0.08943089430894309,-0.2804878048780488
25,0.0,0.0,-0.13692946058091288,-0.12033195020746888,-0.16182572614107885,-0.2697095435684647,-0.02074688796680498,-0.3360995850622407,0.11203319502074689,-0.36929460580912865,-0.14937759336099585,-0.5186721991701245,-0.15767634854771784,-0.7427385892116183,-0.14107883817427386,-0.8838174273858921,-0.12448132780082988,-1.0,-0.004149377593360996,-0.4979253112033195,0.008298755186721992,-0.6099585062240664,-0.02074688796680498,-0.4854771784232365,-0.058091286307053944,-0.4024896265560166,0.12448132780082988,-0.43568464730290457,0.15767634854771784,-0.5145228215767634,0.11203319502074689,-0.4107883817427386,0.06639004149377593,-0.3651452282157676,0.23236514522821577,-0.34854771784232363,0.24896265560165975,-0.3900414937759336,0.1825726141078838,-0.31950207468879666,0.12448132780082988,-0.2821576763485477
25,0.0,0.0,-0.11158798283261803,-0.11158798283261803,-0.12875536480686695,-0.26609442060085836,0.008583690987124463,-0.3261802575107296,0.14163090128755365,-0.351931330472103,-0.07725321888412018,-0.5321888412017167,-0.04721030042918455,-0.7467811158798283,0.004291845493562232,-0.8798283261802575,0.04291845493562232,-1.0,0.07296137339055794,-0.5021459227467812,0.0944206008583691,-0.5879828326180258,0.04721030042918455,-0.4334763948497854,0.004291845493562232,-0.36909871244635195,0.2017167381974249,-0.4334763948497854,0.22746781115879827,-0.48497854077253216,0.15450643776824036,-0.351931330472103,0.10300429184549356,-0.3090128755364807,0.30472103004291845,-0.33905579399141633,0.3133047210300429,-0.3648068669527897,0.22746781115879827,-0.27896995708154504,0.1630901287553648,-0.2532188841201717
25,0.0,0.0,-0.16201117318435754,-0.00558659217877095,-0.22346368715083798,-0.1787709497206704,-0.0893854748603352,-0.24581005586592178,0.0782122905027933,-0.24022346368715083,-0.13966480446927373,-0.4860335195530726,-0.1787709497206704,-0.7206703910614525,-0.19553072625698323,-0.8659217877094972,-0.19553072625698323,-1.0,0.03910614525139665,-0.4748603351955307,0.0446927374301676,-0.6201117318435754,-0.0111731843575419,-0.46368715083798884,-0.0446927374301676,-0.3743016759776536,0.19553072625698323,-0.39664804469273746,0.24581005586592178,-0.5195530726256983,0.16759776536312848,-0.39106145251396646,0.11173184357541899,-0.3240223463687151,0.329608938547486,-0.2849162011173184,0.36312849162011174,-0.3687150837988827,0.2737430167597765,-0.3016759776536313,0.20670391061452514,-0.2569832402234637
25,0.0,0.0,-0.11363636363636363,-0.056818181818181816,-0.14204545454545456,-0.20454545454545456,-0.005681818181818182,-0.2727272727272727,0.13636363636363635,-0.2897727272727273,-0.056818181818181816,-0.5681818181818182,-0.005681818181818182,-0.75,0.03977272727272727,-0.8863636363636364,0.10227272727272728,-1.0,0.13636363636363635,-0.5113636363636364,0.1590909090909091,-0.5965909090909091,0.08522727272727272,-0.3977272727272727,0.0625,-0.3522727272727273,0.29545454545454547,-0.4147727272727273,0.32386363636363635,-0.4715909090909091,0.2215909090909091,-0.3181818181818182,0.18181818181818182,-0.29545454545454547,0.4147727272727273,-0.2897727272727273,0.42613636363636365,-0.32386363636363635,0.3181818181818182,-0.2215909090909091,0.2556818181818182,-0.20454545454545456
25,0.0,0.0,-0.12264150943396226,-0.11320754716981132,-0.12735849056603774,-0.2830188679245283,0.0047169811320754715,-0.3632075471698113,0.12735849056603774,-0.3867924528301887,-0.11320754716981132,-0.5094339622641509,-0.09905660377358491,-0.7358490566037735,-0.07075471698113207,-0.8773584905660378,-0.04245283018867924,-1.0,0.0330188679245283,-0.4858490566037736,0.05660377358490566,-0.6273584905660378,0.02358490566037736,-0.49528301886792453,-0.009433962264150943,-0.4056603773584906,0.1650943396226415,-0.42452830188679247,0.2028301886792453,-0.5377358490566038,0.14622641509433962,-0.42452830188679247,0.10377358490566038,-0.3584905660377358,0.2783018867924528,-0.33490566037735847,0.2830188679245283,-0.41037735849056606,0.22169811320754718,-0.33962264150943394,0.17452830188679244,-0.3018867924528302
25,0.0,0.0,-0.1258741258741259,-0.0675990675990676,-0.1958041958041958,-0.19347319347319347,-0.05128205128205128,-0.2517482517482518,0.0979020979020979,-0.289044289044289,-0.19813519813519814,-0.4988344988344988,-0.19813519813519814,-0.7249417249417249,-0.19114219114219114,-0.8671328671328671,-0.1794871794871795,-1.0,-0.05827505827505827,-0.4731934731934732,-0.06293706293706294,-0.5221445221445221,-0.08624708624708624,-0.331002331002331,-0.10256410256410256,-0.32400932400932403,0.07226107226107226,-0.43356643356643354,0.08624708624708624,-0.4965034965034965,0.04895104895104895,-0.32400932400932403,0.02564102564102564,-0.32400932400932403,0.1958041958041958,-0.38461538461538464,0.20745920745920746,-0.44522144522144524,0.16317016317016317,-0.317016317016317,0.13286713286713286,-0.28438228438228436
25,0.0,0.0,-0.12268518518518519,-0.06481481481481481,-0.19212962962962962,-0.18981481481481483,-0.05324074074074074,-0.24768518518518517,0.10185185185185185,-0.2824074074074074,-0.19444444444444445,-0.4861111111111111,-0.2037037037037037,-0.7222222222222222,-0.19675925925925927,-0.8634259259259259,-0.1875,-1.0,-0.05324074074074074,-0.46296296296296297,-0.05787037037037037,-0.5185185185185185,-0.0763888888888889,-0.32175925925925924,-0.09722222222222222,-0.30787037037037035,0.07407407407407407,-0.4236111111111111,0.09259259259259259,-0.49537037037037035,0.05787037037037037,-0.31712962962962965,0.03009259259259259,-0.30092592592592593,0.19444444444444445,-0.37037037037037035,0.2152777777777778,-0.44212962962962965,0.16898148148148148,-0.3125,0.12962962962962962,-0.27314814814814814
25,0.0,0.0,-0.1267605633802817,-0.06807511737089202,-0.19248826291079812,-0.19483568075117372,-0.051643192488262914,-0.24178403755868544,0.10093896713615023,-0.2652582159624413,-0.18309859154929578,-0.4859154929577465,-0.19483568075117372,-0.7230046948356808,-0.18779342723004694,-0.8615023474178404,-0.1784037558685446,-1.0,-0.03990610328638498,-0.460093896713615,-0.03755868544600939,-0.5117370892018779,-0.06103286384976526,-0.3215962441314554,-0.08215962441314555,-0.3004694835680751,0.08685446009389672,-0.4154929577464789,0.11267605633802817,-0.4835680751173709,0.07276995305164319,-0.30985915492957744,0.03990610328638498,-0.2887323943661972,0.20657276995305165,-0.3568075117370892,0.2347417840375587,-0.42488262910798125,0.18309859154929578,-0.3028169014084507,0.13380281690140844,-0.2605633802816901
25,0.0,0.0,-0.13450292397660818,-0.09064327485380116,-0.19005847953216373,-0.22807017543859648,-0.07309941520467836,-0.260233918128655,0.06432748538011696,-0.260233918128655,-0.14327485380116958,-0.5116959064327485,-0.13450292397660818,-0.7426900584795322,-0.10818713450292397,-0.8742690058479532,-0.08187134502923976,-1.0,0.0,-0.4824561403508772,0.014619883040935672,-0.5116959064327485,-0.02046783625730994,-0.34502923976608185,-0.04678362573099415,-0.30994152046783624,0.1286549707602339,-0.4269005847953216,0.14619883040935672,-0.4502923976608187,0.0935672514619883,-0.2953216374269006,0.06140350877192982,-0.2719298245614035,0.23976608187134502,-0.35964912280701755,0.2573099415204678,-0.38011695906432746,0.19298245614035087,-0.26900584795321636,0.14912280701754385,-0.24269005847953215
25,0.0,0.0,-0.13596491228070176,-0.08771929824561403,-0.20614035087719298,-0.22807017543859648,-0.09210526315789473,-0.2719298245614035,0.039473684210526314,-0.2850877192982456,-0.15789473684210525,-0.5087719298245614,-0.15789473684210525,-0.7280701754385965,-0.14473684210526316,-0.868421052631579,-0.12719298245614036,-1.0,-0.017543859649122806,-0.4824561403508772,-0.05263157894736842,-0.5307017543859649,-0.08333333333333333,-0.34649122807017546,-0.07017543859649122,-0.31140350877192985,0.10087719298245613,-0.4342105263157895,0.07456140350877193,-0.47368421052631576,0.02631578947368421,-0.31140350877192985,0.03070175438596491,-0.29385964912280704,0.2149122807017544,-0.37280701754385964,0.17982456140350878,-0.40789473684210525,0.12719298245614036,-0.29385964912280704,0.12280701754385964,-0.2719298245614035
25,0.0,0.0,-0.14942528735632185,-0.08045977011494253,-0.22988505747126436,-0.22413793103448276,-0.12643678160919541,-0.27011494252873564,0.017241379310344827,-0.25287356321839083,-0.16091954022988506,-0.5057471264367817,-0.16666666666666666,-0.7241379310344828,-0.14942528735632185,-0.8735632183908046,-0.12643678160919541,-1.0,-0.028735632183908046,-0.4827586206896552,-0.07471264367816093,-0.5229885057471264,-0.09195402298850575,-0.3390804597701149,-0.07471264367816093,-0.2988505747126437,0.09195402298850575,-0.4367816091954023,0.05172413793103448,-0.4540229885057471,0.005747126436781609,-0.3045977011494253,0.017241379310344827,-0.28160919540229884,0.19540229885057472,-0.3793103448275862,0.14942528735632185,-0.39080459770114945,0.10344827586206896,-0.28160919540229884,0.10919540229885058,-0.26436781609195403
25,0.0,0.0,-0.14634146341463414,-0.07926829268292683,-0.23170731707317074,-0.21951219512195122,-0.15853658536585366,-0.2804878048780488,-0.04878048780487805,-0.27439024390243905,-0.15853658536585366,-0.5121951219512195,-0.17073170731707318,-0.725609756097561,-0.16463414634146342,-0.8719512195121951,-0.14634146341463414,-1.0,-0.024390243902439025,-0.5,-0.08536585365853659,-0.5304878048780488,-0.10975609756097561,-0.34146341463414637,-0.09146341463414634,-0.29878048780487804,0.09146341463414634,-0.45121951219512196,0.036585365853658534,-0.4634146341463415,-0.006097560975609756,-0.31097560975609756,0.006097560975609756,-0.2804878048780488,0.1951219512195122,-0.38414634146341464,0.1402439024390244,-0.3902439024390244,0.09146341463414634,-0.2865853658536585,0.10365853658536585,-0.2682926829268293
25,0.0,0.0,0.1487603305785124,-0.012396694214876033,0.25206611570247933,-0.09090909090909091,0.16942148760330578,-0.2066115702479339,0.045454545454545456,-0.30991735537190085,0.34710743801652894,-0.4297520661157025,0.39669421487603307,-0.6859504132231405,0.4256198347107438,-0.8636363636363636,0.4380165289256198,-1.0,0.19421487603305784,-0.4628099173553719,0.2024793388429752,-0.4834710743801653,0.16942148760330578,-0.2892561983471074,0.16942148760330578,-0.23553719008264462,0.05371900826446281,-0.45454545454545453,0.0371900826446281,-0.43388429752066116,0.0371900826446281,-0.2727272727272727,0.06611570247933884,-0.24380165289256198,-0.08264462809917356,-0.43388429752066116,-0.09917355371900827,-0.3760330578512397,-0.07851239669421488,-0.25206611570247933,-0.045454545454545456,-0.23140495867768596
25,0.0,0.0,0.13865546218487396,-0.004201680672268907,0.22268907563025211,-0.07142857142857142,0.15126050420168066,-0.16806722689075632,0.01680672268907563,-0.25630252100840334,0.35294117647058826,-0.4327731092436975,0.3907563025210084,-0.6680672268907563,0.4117647058823529,-0.8571428571428571,0.41596638655462187,-1.0,0.19747899159663865,-0.46638655462184875,0.226890756302521,-0.47478991596638653,0.18907563025210083,-0.2647058823529412,0.18067226890756302,-0.23109243697478993,0.05042016806722689,-0.46218487394957986,0.06722689075630252,-0.4327731092436975,0.06722689075630252,-0.2605042016806723,0.07563025210084033,-0.25630252100840334,-0.08823529411764706,-0.4411764705882353,-0.06722689075630252,-0.3697478991596639,-0.04201680672268908,-0.24369747899159663,-0.029411764705882353,-0.23529411764705882
25,0.0,0.0,0.19047619047619047,-0.012987012987012988,0.30303030303030304,-0.10822510822510822,0.22510822510822512,-0.22943722943722944,0.09956709956709957,-0.33766233766233766,0.3852813852813853,-0.45021645021645024,0.45021645021645024,-0.696969696969697,0.5021645021645021,-0.8658008658008658,0.5281385281385281,-1.0,0.22943722943722944,-0.4675324675324675,0.3116883116883117,-0.47619047619047616,0.26406926406926406,-0.2813852813852814,0.22077922077922077,-0.2077922077922078,0.08225108225108226,-0.45454545454545453,0.15151515151515152,-0.45021645021645024,0.14285714285714285,-0.2727272727272727,0.12554112554112554,-0.24675324675324675,-0.05194805194805195,-0.42857142857142855,0.025974025974025976,-0.38961038961038963,0.03463203463203463,-0.2683982683982684,0.021645021645021644,-0.2510822510822511
25,0.0,0.0,0.2017167381974249,-0.030042918454935622,0.351931330472103,-0.15879828326180256,0.3090128755364807,-0.3133047210300429,0.20600858369098712,-0.4206008583690987,0.36909871244635195,-0.463519313304721,0.463519313304721,-0.7081545064377682,0.5150214592274678,-0.8626609442060086,0.5536480686695279,-1.0,0.23605150214592274,-0.49356223175965663,0.33476394849785407,-0.5536480686695279,0.3218884120171674,-0.3948497854077253,0.27896995708154504,-0.2918454935622318,0.10300429184549356,-0.48497854077253216,0.20600858369098712,-0.5407725321888412,0.20600858369098712,-0.3776824034334764,0.16738197424892703,-0.27896995708154504,-0.02575107296137339,-0.45064377682403434,0.09012875536480687,-0.48497854077253216,0.11587982832618025,-0.3648068669527897,0.09871244635193133,-0.2918454935622318
25,0.0,0.0,0.19742489270386265,-0.034334763948497854,0.34763948497854075,-0.16738197424892703,0.3090128755364807,-0.33047210300429186,0.2145922746781116,-0.45493562231759654,0.3648068669527897,-0.463519313304721,0.44635193133047213,-0.7081545064377682,0.49356223175965663,-0.8626609442060086,0.5278969957081545,-1.0,0.2317596566523605,-0.49356223175965663,0.3261802575107296,-0.575107296137339,0.31759656652360513,-0.40772532188841204,0.27896995708154504,-0.296137339055794,0.10300429184549356,-0.48068669527896996,0.19742489270386265,-0.5665236051502146,0.2017167381974249,-0.39914163090128757,0.16738197424892703,-0.2918454935622318,-0.02575107296137339,-0.45064377682403434,0.08583690987124463,-0.5107296137339056,0.11587982832618025,-0.38626609442060084,0.09871244635193133,-0.30472103004291845
25,0.0,0.0,0.15129151291512916,-0.05904059040590406,0.26199261992619927,-0.18450184501845018,0.23247232472324722,-0.30996309963099633,0.14391143911439114,-0.4095940959409594,0.23985239852398524,-0.4981549815498155,0.2952029520295203,-0.7343173431734318,0.3247232472324723,-0.8745387453874539,0.33948339483394835,-1.0,0.12546125461254612,-0.4907749077490775,0.2066420664206642,-0.5719557195571956,0.2177121771217712,-0.41697416974169743,0.19557195571955718,-0.3247232472324723,0.01845018450184502,-0.45387453874538747,0.0959409594095941,-0.5313653136531366,0.12546125461254612,-0.3800738007380074,0.1070110701107011,-0.2915129151291513,-0.08856088560885608,-0.3874538745387454,0.007380073800738007,-0.47232472324723246,0.055350553505535055,-0.36162361623616235,0.055350553505535055,-0.28044280442804426
25,0.0,0.0,0.137546468401487,-0.040892193308550186,0.24535315985130113,-0.1524163568773234,0.20074349442379183,-0.26765799256505574,0.11152416356877323,-0.3643122676579926,0.24535315985130113,-0.49070631970260226,0.30855018587360594,-0.7286245353159851,0.3420074349442379,-0.8698884758364313,0.35687732342007433,-1.0,0.11524163568773234,-0.4944237918215613,0.20074349442379183,-0.5241635687732342,0.20074349442379183,-0.35315985130111527,0.17100371747211895,-0.2788104089219331,0.0,-0.45353159851301117,0.07806691449814127,-0.48698884758364314,0.10037174721189591,-0.3308550185873606,0.08178438661710037,-0.275092936802974,-0.11524163568773234,-0.38661710037174724,-0.022304832713754646,-0.40148698884758366,0.01858736059479554,-0.2899628252788104,0.01486988847583643,-0.241635687732342
25,0.0,0.0,0.1541501976284585,-0.03557312252964427,0.2885375494071146,-0.1225296442687747,0.22924901185770752,-0.22134387351778656,0.1067193675889328,-0.2924901185770751,0.30039525691699603,-0.49407114624505927,0.37549407114624506,-0.7193675889328063,0.4268774703557312,-0.8695652173913043,0.45454545454545453,-1.0,0.14624505928853754,-0.525691699604743,0.2490118577075099,-0.5019762845849802,0.23715415019762845,-0.33201581027667987,0.1976284584980237,-0.2608695652173913,0.011857707509881422,-0.49407114624505927,0.10276679841897234,-0.43478260869565216,0.11857707509881422,-0.2845849802371542,0.10276679841897234,-0.23715415019762845,-0.11067193675889328,-0.4268774703557312,-0.011857707509881422,-0.3359683794466403,0.02766798418972332,-0.2134387351778656,0.03162055335968379,-0.18181818181818182
25,0.0,0.0,0.1422924901185771,-0.039525691699604744,0.26877470355731226,-0.1383399209486166,0.22134387351778656,-0.233201581027668,0.13043478260869565,-0.3201581027667984,0.2648221343873518,-0.4901185770750988,0.35177865612648224,-0.7233201581027668,0.40711462450592883,-0.8695652173913043,0.43873517786561267,-1.0,0.11857707509881422,-0.5019762845849802,0.2015810276679842,-0.5296442687747036,0.20948616600790515,-0.34782608695652173,0.18181818181818182,-0.2608695652173913,-0.011857707509881422,-0.4624505928853755,0.06719367588932806,-0.5019762845849802,0.1067193675889328,-0.32806324110671936,0.09881422924901186,-0.2450592885375494,-0.1383399209486166,-0.391304347826087,-0.05138339920948617,-0.4189723320158103,0.011857707509881422,-0.2885375494071146,0.02766798418972332,-0.21739130434782608
25,0.0,0.0,0.15355805243445692,-0.06367041198501873,0.250936329588015,-0.19850187265917604,0.20224719101123595,-0.3258426966292135,0.10486891385767791,-0.4157303370786517,0.23595505617977527,-0.48314606741573035,0.2883895131086142,-0.7228464419475655,0.3146067415730337,-0.8689138576779026,0.3295880149812734,-1.0,0.11610486891385768,-0.48314606741573035,0.1760299625468165,-0.5617977528089888,0.18726591760299627,-0.41198501872659177,0.17228464419475656,-0.3146067415730337,0.003745318352059925,-0.449438202247191,0.06741573033707865,-0.5280898876404494,0.09737827715355805,-0.3782771535580524,0.08614232209737828,-0.2808988764044944,-0.10486891385767791,-0.3895131086142322,-0.02247191011235955,-0.47191011235955055,0.026217228464419477,-0.36704119850187267,0.0299625468164794,-0.2846441947565543
25,0.0,0.0,0.155893536121673,-0.08365019011406843,0.24334600760456274,-0.25475285171102663,0.18631178707224336,-0.40304182509505704,0.08745247148288973,-0.5019011406844106,0.20152091254752852,-0.49809885931558934,0.23193916349809887,-0.7338403041825095,0.2509505703422053,-0.8745247148288974,0.2585551330798479,-1.0,0.09125475285171103,-0.49809885931558934,0.16730038022813687,-0.6197718631178707,0.19771863117870722,-0.467680608365019,0.18631178707224336,-0.35361216730038025,-0.011406844106463879,-0.46387832699619774,0.060836501901140684,-0.5855513307984791,0.09505703422053231,-0.41825095057034223,0.08365019011406843,-0.3041825095057034,-0.11406844106463879,-0.41064638783269963,-0.026615969581749048,-0.5247148288973384,0.019011406844106463,-0.41064638783269963,0.011406844106463879,-0.311787072243346
25,0.0,0.0,0.1357142857142857,-0.11785714285714285,0.18214285714285713,-0.29642857142857143,0.08928571428571429,-0.42142857142857143,-0.02142857142857143,-0.4928571428571429,0.08571428571428572,-0.5107142857142857,0.05,-0.7357142857142858,0.025,-0.8785714285714286,-0.0035714285714285713,-1.0,-0.014285714285714285,-0.48928571428571427,0.039285714285714285,-0.6464285714285715,0.11071428571428571,-0.5785714285714286,0.1357142857142857,-0.5178571428571429,-0.11071428571428571,-0.4357142857142857,-0.060714285714285714,-0.5678571428571428,0.010714285714285714,-0.4142857142857143,0.02142857142857143,-0.29285714285714287,-0.19642857142857142,-0.3607142857142857,-0.1357142857142857,-0.4857142857142857,-0.06428571428571428,-0.38571428571428573,-0.04642857142857143,-0.2892857142857143
25,0.0,0.0,0.127208480565371,-0.12014134275618374,0.1696113074204947,-0.3003533568904594,0.09187279151943463,-0.4169611307420495,-0.0176678445229682,-0.4840989399293286,0.038869257950530034,-0.5159010600706714,-0.0035335689045936395,-0.7420494699646644,-0.03180212014134275,-0.8798586572438163,-0.0636042402826855,-1.0,-0.045936395759717315,-0.4840989399293286,0.0,-0.6466431095406361,0.07773851590106007,-0.5512367491166078,0.0989399293286219,-0.4664310954063604,-0.13074204946996468,-0.42402826855123676,-0.08833922261484099,-0.5653710247349824,-0.0035335689045936395,-0.42402826855123676,0.01060070671378092,-0.31448763250883394,-0.2049469964664311,-0.34275618374558303,-0.14840989399293286,-0.46996466431095407,-0.0706713780918728,-0.38162544169611307,-0.053003533568904596,-0.29328621908127206
25,0.0,0.0,0.16845878136200718,-0.07526881720430108,0.25806451612903225,-0.24731182795698925,0.2078853046594982,-0.3978494623655914,0.10752688172043011,-0.4946236559139785,0.22580645161290322,-0.4946236559139785,0.25448028673835127,-0.7311827956989247,0.2724014336917563,-0.8745519713261649,0.27598566308243727,-1.0,0.1111111111111111,-0.4910394265232975,0.17921146953405018,-0.6129032258064516,0.2007168458781362,-0.45878136200716846,0.1863799283154122,-0.34408602150537637,0.007168458781362007,-0.45878136200716846,0.07168458781362007,-0.5591397849462365,0.1039426523297491,-0.4050179211469534,0.08960573476702509,-0.2974910394265233,-0.0931899641577061,-0.4014336917562724,-0.007168458781362007,-0.4838709677419355,0.035842293906810034,-0.36917562724014336,0.02867383512544803,-0.27956989247311825
25,0.0,0.0,0.23414634146341465,0.004878048780487805,0.4195121951219512,-0.14634146341463414,0.4292682926829268,-0.33658536585365856,0.37073170731707317,-0.4926829268292683,0.5658536585365853,-0.4634146341463415,0.7463414634146341,-0.7170731707317073,0.8585365853658536,-0.8634146341463415,0.9414634146341463,-1.0,0.424390243902439,-0.5219512195121951,0.5560975609756098,-0.624390243902439,0.5024390243902439,-0.4292682926829268,0.4195121951219512,-0.3073170731707317,0.2682926829268293,-0.5414634146341464,0.4,-0.6390243902439025,0.36097560975609755,-0.43414634146341463,0.28780487804878047,-0.3170731707317073,0.1073170731707317,-0.526829268292683,0.25365853658536586,-0.6,0.25365853658536586,-0.44390243902439025,0.2048780487804878,-0.33658536585365856
25,0.0,0.0,0.21266968325791855,0.03167420814479638,0.40271493212669685,-0.06787330316742081,0.4343891402714932,-0.2398190045248869,0.39819004524886875,-0.39819004524886875,0.5746606334841629,-0.3574660633484163,0.7782805429864253,-0.5565610859728507,0.9049773755656109,-0.6742081447963801,1.0,-0.7828054298642534,0.45248868778280543,-0.4298642533936652,0.5882352941176471,-0.48868778280542985,0.5113122171945701,-0.33031674208144796,0.4253393665158371,-0.23529411764705882,0.3167420814479638,-0.46153846153846156,0.4479638009049774,-0.5203619909502263,0.3936651583710407,-0.34841628959276016,0.3212669683257919,-0.25339366515837103,0.16289592760180996,-0.4751131221719457,0.3031674208144796,-0.5113122171945701,0.2895927601809955,-0.3665158371040724,0.23529411764705882,-0.28054298642533937
25,0.0,0.0,0.19298245614035087,0.043859649122807015,0.37719298245614036,-0.039473684210526314,0.40350877192982454,-0.19298245614035087,0.35964912280701755,-0.33771929824561403,0.5614035087719298,-0.3333333333333333,0.7719298245614035,-0.5087719298245614,0.9035087719298246,-0.618421052631579,1.0,-0.7192982456140351,0.43859649122807015,-0.40350877192982454,0.5614035087719298,-0.44298245614035087,0.4824561403508772,-0.2850877192982456,0.40350877192982454,-0.20175438596491227,0.3026315789473684,-0.43859649122807015,0.4166666666666667,-0.4605263157894737,0.3508771929824561,-0.29385964912280704,0.27631578947368424,-0.21929824561403508,0.15350877192982457,-0.4473684210526316,0.2807017543859649,-0.4517543859649123,0.2543859649122807,-0.3157894736842105,0.20614035087719298,-0.25
25,0.0,0.0,0.19148936170212766,0.05531914893617021,0.3659574468085106,0.01276595744680851,0.4,-0.11063829787234042,0.37446808510638296,-0.2425531914893617,0.548936170212766,-0.3148936170212766,0.7617021276595745,-0.4723404255319149,0.8936170212765957,-0.5659574468085107,1.0,-0.6595744680851063,0.41702127659574467,-0.40425531914893614,0.5361702127659574,-0.3574468085106383,0.44680851063829785,-0.19574468085106383,0.3659574468085106,-0.14042553191489363,0.2723404255319149,-0.4340425531914894,0.39574468085106385,-0.3829787234042553,0.3276595744680851,-0.2127659574468085,0.26382978723404255,-0.1574468085106383,0.11914893617021277,-0.4297872340425532,0.23404255319148937,-0.3617021276595745,0.2170212765957447,-0.2170212765957447,0.1829787234042553,-0.16595744680851063
25,0.0,0.0,0.23039215686274508,0.0392156862745098,0.4215686274509804,-0.029411764705882353,0.4215686274509804,-0.18137254901960784,0.35294117647058826,-0.3284313725490196,0.5735294117647058,-0.4411764705882353,0.7696078431372549,-0.6519607843137255,0.9019607843137255,-0.7990196078431373,1.0,-0.9313725490196079,0.4019607843137255,-0.5196078431372549,0.5245098039215687,-0.4950980392156863,0.45098039215686275,-0.29901960784313725,0.37254901960784315,-0.23039215686274508,0.22058823529411764,-0.5294117647058824,0.35294117647058826,-0.49019607843137253,0.3088235294117647,-0.29411764705882354,0.25980392156862747,-0.24019607843137256,0.049019607843137254,-0.5,0.16666666666666666,-0.4264705882352941,0.1715686274509804,-0.2696078431372549,0.1568627450980392,-0.22549019607843138
25,0.0,0.0,0.20704845814977973,-0.004405286343612335,0.3700440528634361,-0.1145374449339207,0.3568281938325991,-0.2511013215859031,0.2599118942731278,-0.3656387665198238,0.43171806167400884,-0.4889867841409692,0.5814977973568282,-0.7180616740088106,0.6784140969162996,-0.8634361233480177,0.7444933920704846,-1.0,0.2775330396475771,-0.5242290748898678,0.4008810572687225,-0.5462555066079295,0.36123348017621143,-0.36123348017621143,0.29515418502202645,-0.2775330396475771,0.12334801762114538,-0.5066079295154186,0.2555066079295154,-0.5242290748898678,0.23788546255506607,-0.33480176211453744,0.1894273127753304,-0.2599118942731278,-0.022026431718061675,-0.45374449339207046,0.1013215859030837,-0.44493392070484583,0.1277533039647577,-0.29955947136563876,0.1145374449339207,-0.23788546255506607
25,0.0,0.0,-0.2794759825327511,-0.06550218340611354,-0.5676855895196506,-0.28820960698689957,-0.5938864628820961,-0.4017467248908297,-0.37117903930131,-0.3624454148471616,-0.4017467248908297,-0.6943231441048034,-0.4104803493449782,-0.8122270742358079,-0.4148471615720524,-0.8864628820960698,-0.40611353711790393,-1.0,-0.13973799126637554,-0.7903930131004366,-0.1965065502183406,-0.462882096069869,-0.22707423580786026,-0.26200873362445415,-0.22707423580786026,-0.2925764192139738,0.10043668122270742,-0.7248908296943232,0.034934497816593885,-0.37554585152838427,-0.021834061135371178,-0.2183406113537118,-0.017467248908296942,-0.26200873362445415,0.31877729257641924,-0.5982532751091703,0.24017467248908297,-0.31004366812227074,0.14847161572052403,-0.18777292576419213,0.11790393013100436,-0.2096069868995633
25,0.0,0.0,-0.32663316582914576,-0.04522613065326633,-0.6633165829145728,-0.2663316582914573,-0.6834170854271356,-0.35678391959798994,-0.41708542713567837,-0.32160804020100503,-0.46733668341708545,-0.7437185929648241,-0.4723618090452261,-0.8492462311557789,-0.4824120603015075,-0.9095477386934674,-0.46733668341708545,-1.0,-0.16080402010050251,-0.8592964824120602,-0.20100502512562815,-0.4020100502512563,-0.2562814070351759,-0.20603015075376885,-0.27638190954773867,-0.2864321608040201,0.12060301507537688,-0.7839195979899497,0.07035175879396985,-0.31155778894472363,-0.020100502512562814,-0.1658291457286432,-0.04020100502512563,-0.25125628140703515,0.3768844221105528,-0.6381909547738693,0.3065326633165829,-0.2562814070351759,0.19597989949748743,-0.135678391959799,0.15577889447236182,-0.17587939698492464
25,0.0,0.0,-0.3181818181818182,-0.05555555555555555,-0.6565656565656566,-0.2878787878787879,-0.6767676767676768,-0.3686868686868687,-0.4090909090909091,-0.30303030303030304,-0.45454545454545453,-0.7525252525252525,-0.4595959595959596,-0.8535353535353535,-0.46464646464646464,-0.9090909090909091,-0.4444444444444444,-1.0,-0.14646464646464646,-0.8636363636363636,-0.18181818181818182,-0.42424242424242425,-0.23232323232323232,-0.23737373737373738,-0.2474747474747475,-0.30808080808080807,0.1414141414141414,-0.7878787878787878,0.08585858585858586,-0.3181818181818182,-0.005050505050505051,-0.17676767676767677,-0.025252525252525252,-0.25757575757575757,0.3939393939393939,-0.6414141414141414,0.3282828282828283,-0.26262626262626265,0.2222222222222222,-0.1414141414141414,0.18181818181818182,-0.1919191919191919
25,0.0,0.0,-0.3160621761658031,-0.05181347150259067,-0.6632124352331606,-0.27461139896373055,-0.6839378238341969,-0.3471502590673575,-0.40932642487046633,-0.30569948186528495,-0.45595854922279794,-0.7512953367875648,-0.44559585492227977,-0.8497409326424871,-0.43005181347150256,-0.9067357512953368,-0.38341968911917096,-1.0,-0.13989637305699482,-0.8704663212435233,-0.13471502590673576,-0.41968911917098445,-0.20725388601036268,-0.23316062176165803,-0.25906735751295334,-0.3160621761658031,0.16062176165803108,-0.8031088082901554,0.13989637305699482,-0.31088082901554404,0.031088082901554404,-0.17098445595854922,-0.031088082901554404,-0.2694300518134715,0.41968911917098445,-0.6580310880829016,0.37823834196891193,-0.2538860103626943,0.2694300518134715,-0.12435233160621761,0.21243523316062177,-0.18652849740932642
25,0.0,0.0,-0.3147208121827411,-0.04568527918781726,-0.6598984771573604,-0.27411167512690354,-0.6751269035532995,-0.3553299492385787,-0.4010152284263959,-0.3096446700507614,-0.4517766497461929,-0.7411167512690355,-0.4365482233502538,-0.8426395939086294,-0.4010152284263959,-0.9035532994923858,-0.34517766497461927,-1.0,-0.13705583756345177,-0.8629441624365483,-0.1319796954314721,-0.43147208121827413,-0.19796954314720813,-0.22842639593908629,-0.25380710659898476,-0.3096446700507614,0.15736040609137056,-0.7969543147208121,0.14213197969543148,-0.3197969543147208,0.03553299492385787,-0.16751269035532995,-0.030456852791878174,-0.25888324873096447,0.41116751269035534,-0.6598984771573604,0.38071065989847713,-0.26903553299492383,0.27411167512690354,-0.1319796954314721,0.2131979695431472,-0.19289340101522842
25,0.0,0.0,-0.32,-0.05,-0.65,-0.27,-0.645,-0.355,-0.355,-0.305,-0.42,-0.735,-0.41,-0.835,-0.395,-0.9,-0.35,-1.0,-0.11,-0.855,-0.12,-0.405,-0.19,-0.215,-0.23,-0.27,0.175,-0.785,0.145,-0.3,0.03,-0.16,-0.015,-0.24,0.43,-0.64,0.38,-0.26,0.26,-0.135,0.205,-0.17
25,0.0,0.0,-0.3112244897959184,-0.05102040816326531,-0.6530612244897959,-0.2653061224489796,-0.673469387755102,-0.3520408163265306,-0.3979591836734694,-0.3163265306122449,-0.45408163265306123,-0.75,-0.4642857142857143,-0.8520408163265306,-0.4744897959183674,-0.9132653061224489,-0.46938775510204084,-1.0,-0.14285714285714285,-0.8826530612244898,-0.18877551020408162,-0.42346938775510207,-0.23979591836734693,-0.2193877551020408,-0.25,-0.2653061224489796,0.14795918367346939,-0.8112244897959183,0.09693877551020408,-0.32653061224489793,0.015306122448979591,-0.17346938775510204,-0.00510204081632653,-0.25,0.40816326530612246,-0.6683673469387755,0.3469387755102041,-0.28061224489795916,0.23469387755102042,-0.14285714285714285,0.18877551020408162,-0.17346938775510204
25,0.0,0.0,-0.32786885245901637,-0.06557377049180328,-0.6994535519125683,-0.273224043715847,-0.7595628415300546,-0.34972677595628415,-0.5081967213114754,-0.3224043715846995,-0.5245901639344263,-0.7923497267759563,-0.546448087431694,-0.8579234972677595,-0.5846994535519126,-0.9180327868852459,-0.6065573770491803,-1.0,-0.20218579234972678,-0.9234972677595629,-0.2568306010928962,-0.4098360655737705,-0.3005464480874317,-0.19672131147540983,-0.31693989071038253,-0.273224043715847,0.11475409836065574,-0.8415300546448088,0.04918032786885246,-0.3114754098360656,-0.02185792349726776,-0.15846994535519127,-0.03825136612021858,-0.25136612021857924,0.39344262295081966,-0.6885245901639344,0.3114754098360656,-0.2786885245901639,0.20765027322404372,-0.1366120218579235,0.16939890710382513,-0.17486338797814208
25,0.0,0.0,-0.34444444444444444,-0.06111111111111111,-0.7166666666666667,-0.2611111111111111,-0.8111111111111111,-0.3277777777777778,-0.5833333333333334,-0.3111111111111111,-0.5611111111111111,-0.8,-0.5777777777777777,-0.8722222222222222,-0.6388888888888888,-0.9277777777777778,-0.6777777777777778,-1.0,-0.22777777777777777,-0.9222222222222223,-0.3055555555555556,-0.3888888888888889,-0.3388888888888889,-0.17777777777777778,-0.3277777777777778,-0.25555555555555554,0.09444444444444444,-0.8388888888888889,0.005555555555555556,-0.28888888888888886,-0.06111111111111111,-0.14444444444444443,-0.06111111111111111,-0.25,0.37222222222222223,-0.6777777777777778,0.26666666666666666,-0.24444444444444444,0.17222222222222222,-0.1111111111111111,0.15,-0.16666666666666666
25,0.0,0.0,-0.3505747126436782,-0.06321839080459771,-0.7413793103448276,-0.26436781609195403,-0.8505747126436781,-0.3275862068965517,-0.6264367816091954,-0.3160919540229885,-0.5919540229885057,-0.8218390804597702,-0.6149425287356322,-0.8908045977011494,-0.6781609195402298,-0.9367816091954023,-0.7241379310344828,-1.0,-0.2471264367816092,-0.9482758620689655,-0.3275862068965517,-0.3850574712643678,-0.3563218390804598,-0.1724137931034483,-0.3448275862068966,-0.25287356321839083,0.08045977011494253,-0.8620689655172413,-0.011494252873563218,-0.28160919540229884,-0.07471264367816093,-0.13793103448275862,-0.07471264367816093,-0.25287356321839083,0.367816091954023,-0.7011494252873564,0.26436781609195403,-0.23563218390804597,0.16666666666666666,-0.10344827586206896,0.14367816091954022,-0.16666666666666666
25,0.0,0.0,-0.3619631901840491,-0.04294478527607362,-0.7730061349693251,-0.2392638036809816,-0.8834355828220859,-0.3067484662576687,-0.6441717791411042,-0.27607361963190186,-0.5950920245398773,-0.7975460122699386,-0.5828220858895705,-0.8650306748466258,-0.6441717791411042,-0.9263803680981595,-0.6748466257668712,-1.0,-0.2147239263803681,-0.9325153374233128,-0.26993865030674846,-0.3067484662576687,-0.31901840490797545,-0.1165644171779141,-0.3312883435582822,-0.2331288343558282,0.1411042944785276,-0.8466257668711656,0.06134969325153374,-0.2147239263803681,-0.03680981595092025,-0.08588957055214724,-0.05521472392638037,-0.22699386503067484,0.44785276073619634,-0.6871165644171779,0.3496932515337423,-0.19631901840490798,0.2392638036809816,-0.0736196319018405,0.2085889570552147,-0.15337423312883436
25,0.0,0.0,-0.35714285714285715,-0.047619047619047616,-0.7619047619047619,-0.27976190476190477,-0.8154761904761905,-0.3392857142857143,-0.5238095238095238,-0.27380952380952384,-0.5595238095238095,-0.7857142857142857,-0.5654761904761905,-0.8452380952380952,-0.5654761904761905,-0.8988095238095238,-0.5297619047619048,-1.0,-0.19642857142857142,-0.9285714285714286,-0.17857142857142858,-0.3630952380952381,-0.27380952380952384,-0.16666666666666666,-0.3392857142857143,-0.27976190476190477,0.15476190476190477,-0.8511904761904762,0.13690476190476192,-0.25595238095238093,-0.005952380952380952,-0.11904761904761904,-0.08333333333333333,-0.25595238095238093,0.4523809523809524,-0.7023809523809523,0.4107142857142857,-0.22023809523809523,0.2857142857142857,-0.09523809523809523,0.2261904761904762,-0.17261904761904762
25,0.0,0.0,-0.3790849673202614,-0.05228758169934641,-0.8431372549019608,-0.2679738562091503,-0.8888888888888888,-0.32679738562091504,-0.5686274509803921,-0.26143790849673204,-0.5751633986928104,-0.8496732026143791,-0.6078431372549019,-0.8431372549019608,-0.5620915032679739,-0.869281045751634,-0.48366013071895425,-0.9803921568627451,-0.16993464052287582,-1.0,-0.1503267973856209,-0.33986928104575165,-0.2549019607843137,-0.11764705882352941,-0.33986928104575165,-0.30718954248366015,0.20261437908496732,-0.9281045751633987,0.20261437908496732,-0.23529411764705882,0.0392156862745098,-0.10457516339869281,-0.058823529411764705,-0.2875816993464052,0.5228758169934641,-0.7777777777777778,0.48366013071895425,-0.2222222222222222,0.33986928104575165,-0.08496732026143791,0.28104575163398693,-0.1830065359477124
25,0.0,0.0,-0.37579617834394907,-0.05732484076433121,-0.8152866242038217,-0.29936305732484075,-0.8280254777070064,-0.36942675159235666,-0.46496815286624205,-0.3248407643312102,-0.5095541401273885,-0.8598726114649682,-0.5095541401273885,-0.8535031847133758,-0.4267515923566879,-0.8853503184713376,-0.2929936305732484,-1.0,-0.08917197452229299,-0.9872611464968153,-0.08917197452229299,-0.3885350318471338,-0.21019108280254778,-0.1464968152866242,-0.2929936305732484,-0.3375796178343949,0.27388535031847133,-0.910828025477707,0.2611464968152866,-0.267515923566879,0.07643312101910828,-0.12101910828025478,-0.012738853503184714,-0.29936305732484075,0.5859872611464968,-0.7579617834394905,0.5414012738853503,-0.24203821656050956,0.36942675159235666,-0.09554140127388536,0.2802547770700637,-0.17197452229299362
25,0.0,0.0,-0.3485714285714286,-0.02857142857142857,-0.7371428571428571,-0.25142857142857145,-0.7371428571428571,-0.3485714285714286,-0.4114285714285714,-0.3142857142857143,-0.46285714285714286,-0.7714285714285715,-0.45714285714285713,-0.8285714285714286,-0.4,-0.88,-0.2914285714285714,-1.0,-0.09714285714285714,-0.9085714285714286,-0.09142857142857143,-0.37714285714285717,-0.2057142857142857,-0.1657142857142857,-0.28,-0.32,0.22857142857142856,-0.8457142857142858,0.21142857142857144,-0.26857142857142857,0.05142857142857143,-0.13142857142857142,-0.02857142857142857,-0.2742857142857143,0.5085714285714286,-0.7028571428571428,0.4685714285714286,-0.25142857142857145,0.32571428571428573,-0.10857142857142857,0.2571428571428571,-0.17142857142857143
25,0.0,0.0,-0.29473684210526313,-0.05263157894736842,-0.631578947368421,-0.24736842105263157,-0.6736842105263158,-0.33157894736842103,-0.4105263157894737,-0.33157894736842103,-0.42105263157894735,-0.7315789473684211,-0.4263157894736842,-0.8210526315789474,-0.3894736842105263,-0.8947368421052632,-0.3157894736842105,-1.0,-0.08947368421052632,-0.8631578947368421,-0.06842105263157895,-0.39473684210526316,-0.16842105263157894,-0.18421052631578946,-0.24210526315789474,-0.26842105263157895,0.21052631578947367,-0.7947368421052632,0.20526315789473684,-0.2736842105263158,0.06842105263157895,-0.1368421052631579,0.0,-0.23157894736842105,0.4789473684210526,-0.6526315789473685,0.4473684210526316,-0.24736842105263157,0.3105263157894737,-0.11052631578947368,0.23684210526315788,-0.14736842105263157
25,0.0,0.0,-0.3064516129032258,-0.043010752688172046,-0.6612903225806451,-0.22580645161290322,-0.7204301075268817,-0.2849462365591398,-0.46774193548387094,-0.2956989247311828,-0.489247311827957,-0.7473118279569892,-0.489247311827957,-0.8333333333333334,-0.489247311827957,-0.9086021505376344,-0.4731182795698925,-1.0,-0.14516129032258066,-0.8870967741935484,-0.14516129032258066,-0.3709677419354839,-0.23655913978494625,-0.16129032258064516,-0.2956989247311828,-0.24193548387096775,0.17204301075268819,-0.8118279569892473,0.15053763440860216,-0.25268817204301075,0.026881720430107527,-0.11827956989247312,-0.03225806451612903,-0.22580645161290322,0.44623655913978494,-0.6559139784946236,0.4032258064516129,-0.20430107526881722,0.27956989247311825,-0.07526881720430108,0.21505376344086022,-0.13440860215053763
25,0.0,0.0,-0.33689839572192515,-0.053475935828877004,-0.7112299465240641,-0.22459893048128343,-0.8021390374331551,-0.27807486631016043,-0.5668449197860963,-0.28342245989304815,-0.5240641711229946,-0.7914438502673797,-0.5347593582887701,-0.8609625668449198,-0.5935828877005348,-0.9251336898395722,-0.6310160427807486,-1.0,-0.1711229946524064,-0.9144385026737968,-0.24598930481283424,-0.33689839572192515,-0.31016042780748665,-0.12834224598930483,-0.31016042780748665,-0.22459893048128343,0.16042780748663102,-0.8181818181818182,0.06417112299465241,-0.2192513368983957,-0.0374331550802139,-0.09090909090909091,-0.053475935828877004,-0.21390374331550802,0.4385026737967914,-0.6363636363636364,0.3315508021390374,-0.15508021390374332,0.21390374331550802,-0.03208556149732621,0.1711229946524064,-0.10160427807486631
25,0.0,0.0,-0.3950617283950617,-0.012345679012345678,-0.8518518518518519,-0.13580246913580246,-1.0,-0.1419753086419753,-0.7407407407407407,-0.19135802469135801,-0.654320987654321,-0.8024691358024691,-0.6728395061728395,-0.7777777777777778,-0.7407407407407407,-0.8271604938271605,-0.8024691358024691,-0.9012345679012346,-0.2222222222222222,-0.9629629629629629,-0.30864197530864196,-0.15432098765432098,-0.345679012345679,0.05555555555555555,-0.3333333333333333,-0.10493827160493827,0.19135802469135801,-0.8518518518518519,0.08024691358024691,-0.043209876543209874,-0.030864197530864196,0.06172839506172839,-0.043209876543209874,-0.12345679012345678,0.5185185185185185,-0.6481481481481481,0.41358024691358025,-0.024691358024691357,0.2777777777777778,0.09259259259259259,0.24074074074074073,-0.024691358024691357
25,0.0,0.0,-0.3790849673202614,0.0,-0.869281045751634,-0.10457516339869281,-1.0,-0.032679738562091505,-0.6993464052287581,-0.06535947712418301,-0.6470588235294118,-0.7908496732026143,-0.673202614379085,-0.7450980392156863,-0.7058823529411765,-0.7189542483660131,-0.7058823529411765,-0.6862745098039216,-0.1503267973856209,-0.9607843137254902,-0.17647058823529413,-0.0392156862745098,-0.2875816993464052,0.12418300653594772,-0.3464052287581699,-0.0718954248366013,0.3137254901960784,-0.8366013071895425,0.24836601307189543,0.10457516339869281,0.0784313725490196,0.1437908496732026,0.006535947712418301,-0.08496732026143791,0.6797385620915033,-0.6143790849673203,0.6078431372549019,0.1111111111111111,0.45098039215686275,0.17647058823529413,0.39215686274509803,0.006535947712418301
25,0.0,0.0,-0.40131578947368424,-0.03289473684210526,-0.8881578947368421,-0.19736842105263158,-0.9605263157894737,-0.09210526315789473,-0.618421052631579,-0.019736842105263157,-0.618421052631579,-0.8355263157894737,-0.6118421052631579,-0.7697368421052632,-0.5986842105263158,-0.6907894736842105,-0.5855263157894737,-0.6578947368421053,-0.09210526315789473,-1.0,-0.1118421052631579,-0.11842105263157894,-0.2565789473684211,0.07236842105263158,-0.35526315789473684,-0.09868421052631579,0.375,-0.8881578947368421,0.32894736842105265,0.05921052631578947,0.13815789473684212,0.11842105263157894,0.02631578947368421,-0.13815789473684212,0.756578947368421,-0.6907894736842105,0.7039473684210527,0.046052631578947366,0.5328947368421053,0.14473684210526316,0.4407894736842105,-0.019736842105263157
25,0.0,0.0,-0.4166666666666667,-0.02564102564102564,-0.8974358974358975,-0.21153846153846154,-0.9358974358974359,-0.11538461538461539,-0.5705128205128205,-0.04487179487179487,-0.6217948717948718,-0.8205128205128205,-0.6858974358974359,-0.8012820512820513,-0.5512820512820513,-0.717948717948718,-0.3717948717948718,-0.7051282051282052,-0.10897435897435898,-1.0,-0.08974358974358974,-0.14102564102564102,-0.25,0.07692307692307693,-0.3782051282051282,-0.10897435897435898,0.33974358974358976,-0.8974358974358975,0.3333333333333333,0.0,0.11538461538461539,0.07051282051282051,-0.01282051282051282,-0.17307692307692307,0.7051282051282052,-0.7051282051282052,0.6666666666666666,-0.00641025641025641,0.4935897435897436,0.08333333333333333,0.40384615384615385,-0.08974358974358974
25,0.0,0.0,-0.4375,-0.025,-0.875,-0.21875,-0.83125,-0.15625,-0.43125,-0.09375,-0.55625,-0.825,-0.59375,-0.8375,-0.35625,-0.75625,-0.1,-0.775,-0.05,-1.0,-0.0125,-0.175,-0.20625,0.09375,-0.36875,-0.13125,0.39375,-0.9,0.40625,-0.05,0.18125,0.0625,0.04375,-0.2,0.75625,-0.7125,0.70625,-0.0375,0.525,0.0875,0.4375,-0.0875
25,0.0,0.0,-0.41875,-0.03125,-0.85625,-0.2875,-0.8375,-0.2625,-0.46875,-0.18125,-0.5375,-0.825,-0.54375,-0.8875,-0.31875,-0.8375,-0.06875,-0.89375,-0.0625,-1.0,0.01875,-0.33125,-0.1375,-0.04375,-0.29375,-0.275,0.35625,-0.9375,0.425,-0.1875,0.19375,-0.0125,0.0375,-0.26875,0.71875,-0.8,0.725,-0.175,0.54375,0.00625,0.43125,-0.13125
25,0.0,0.0,-0.3558282208588957,-0.04294478527607362,-0.7730061349693251,-0.25766871165644173,-0.8098159509202454,-0.2331288343558282,-0.49693251533742333,-0.18404907975460122,-0.5153374233128835,-0.7975460122699386,-0.5153374233128835,-0.8098159509202454,-0.4233128834355828,-0.8711656441717791,-0.25766871165644173,-1.0,-0.06748466257668712,-0.9693251533742331,0.024539877300613498,-0.3128834355828221,-0.13496932515337423,-0.06748466257668712,-0.2331288343558282,-0.27607361963190186,0.3374233128834356,-0.9079754601226994,0.3803680981595092,-0.15337423312883436,0.15337423312883436,-0.024539877300613498,0.03680981595092025,-0.25153374233128833,0.6748466257668712,-0.7668711656441718,0.6503067484662577,-0.15950920245398773,0.49079754601226994,-0.018404907975460124,0.4233128834355828,-0.1411042944785276
25,0.0,0.0,-0.34545454545454546,-0.024242424242424242,-0.7878787878787878,-0.21818181818181817,-0.8787878787878788,-0.2,-0.5696969696969697,-0.1393939393939394,-0.5757575757575758,-0.7515151515151515,-0.5878787878787879,-0.793939393939394,-0.5696969696969697,-0.8727272727272727,-0.509090909090909,-1.0,-0.15151515151515152,-0.9454545454545454,-0.08484848484848485,-0.3333333333333333,-0.1696969696969697,-0.10303030303030303,-0.21818181818181817,-0.23636363636363636,0.24242424242424243,-0.896969696969697,0.2787878787878788,-0.15757575757575756,0.10909090909090909,-0.024242424242424242,0.01818181818181818,-0.2,0.5818181818181818,-0.7636363636363637,0.5757575757575758,-0.17575757575757575,0.41818181818181815,-0.01818181818181818,0.3333333333333333,-0.09696969696969697
25,0.0,0.0,-0.40522875816993464,-0.026143790849673203,-0.8758169934640523,-0.17647058823529413,-0.9803921568627451,-0.13071895424836602,-0.7124183006535948,-0.10457516339869281,-0.6797385620915033,-0.7908496732026143,-0.6928104575163399,-0.7973856209150327,-0.738562091503268,-0.8562091503267973,-0.7712418300653595,-0.9411764705882353,-0.24183006535947713,-1.0,-0.21568627450980393,-0.1568627450980392,-0.2549019607843137,0.058823529411764705,-0.2679738562091503,-0.0915032679738562,0.1830065359477124,-0.9215686274509803,0.1830065359477124,-0.0784313725490196,0.05228758169934641,0.0392156862745098,-0.006535947712418301,-0.1503267973856209,0.5490196078431373,-0.7581699346405228,0.5098039215686274,-0.1111111111111111,0.37254901960784315,0.0457516339869281,0.3137254901960784,-0.0457516339869281
25,0.0,0.0,-0.3696969696969697,-0.030303030303030304,-0.8,-0.11515151515151516,-1.0,-0.10303030303030303,-0.8727272727272727,-0.21212121212121213,-0.7090909090909091,-0.793939393939394,-0.7272727272727273,-0.7575757575757576,-0.8242424242424242,-0.8,-0.9272727272727272,-0.8303030303030303,-0.3090909090909091,-0.9878787878787879,-0.37575757575757573,-0.15151515151515152,-0.3575757575757576,0.05454545454545454,-0.3090909090909091,-0.06666666666666667,0.07878787878787878,-0.9151515151515152,0.01818181818181818,-0.09090909090909091,-0.06060606060606061,0.006060606060606061,-0.07272727272727272,-0.15757575757575756,0.41818181818181815,-0.7454545454545455,0.34545454545454546,-0.11515151515151516,0.23030303030303031,0.030303030303030304,0.18787878787878787,-0.05454545454545454
25,0.0,0.0,-0.37572254335260113,-0.046242774566473986,-0.8034682080924855,-0.11560693641618497,-1.0,-0.12716763005780346,-0.861271676300578,-0.23699421965317918,-0.7109826589595376,-0.791907514450867,-0.7398843930635838,-0.7398843930635838,-0.861271676300578,-0.7630057803468208,-0.9710982658959537,-0.7803468208092486,-0.3352601156069364,-0.9595375722543352,-0.41040462427745666,-0.19653179190751446,-0.4046242774566474,0.005780346820809248,-0.3699421965317919,-0.13872832369942195,0.046242774566473986,-0.884393063583815,-0.028901734104046242,-0.1329479768786127,-0.09826589595375723,-0.017341040462427744,-0.10404624277456648,-0.1791907514450867,0.37572254335260113,-0.7167630057803468,0.2947976878612717,-0.14450867052023122,0.1907514450867052,-0.011560693641618497,0.15606936416184972,-0.10404624277456648
25,0.0,0.0,-0.3803680981595092,-0.03680981595092025,-0.8588957055214724,-0.17177914110429449,-1.0,-0.13496932515337423,-0.7361963190184049,-0.1411042944785276,-0.6932515337423313,-0.7791411042944786,-0.6871165644171779,-0.7975460122699386,-0.7852760736196319,-0.8343558282208589,-0.8650306748466258,-0.8895705521472392,-0.26380368098159507,-0.9693251533742331,-0.27607361963190186,-0.17791411042944785,-0.3374233128834356,0.024539877300613498,-0.3619631901840491,-0.12269938650306748,0.147239263803681,-0.8895705521472392,0.1165644171779141,-0.09815950920245399,-0.024539877300613498,0.018404907975460124,-0.08588957055214724,-0.15950920245398773,0.49079754601226994,-0.7239263803680982,0.4539877300613497,-0.11042944785276074,0.31901840490797545,0.018404907975460124,0.26380368098159507,-0.08588957055214724
25,0.0,0.0,-0.3430232558139535,-0.023255813953488372,-0.7906976744186046,-0.19767441860465115,-0.9127906976744186,-0.19767441860465115,-0.627906976744186,-0.13953488372093023,-0.6569767441860465,-0.7674418604651163,-0.6511627906976745,-0.8372093023255814,-0.6976744186046512,-0.9011627906976745,-0.7034883720930233,-1.0,-0.25,-0.9709302325581395,-0.19767441860465115,-0.3081395348837209,-0.27325581395348836,-0.06976744186046512,-0.32558139534883723,-0.19186046511627908,0.13953488372093023,-0.9127906976744186,0.18023255813953487,-0.20930232558139536,0.011627906976744186,-0.05232558139534884,-0.0872093023255814,-0.20930232558139536,0.47674418604651164,-0.7732558139534884,0.48255813953488375,-0.21511627906976744,0.3372093023255814,-0.05813953488372093,0.2558139534883721,-0.13372093023255813
25,0.0,0.0,-0.36363636363636365,-0.028409090909090908,-0.8181818181818182,-0.2215909090909091,-0.9034090909090909,-0.2159090909090909,-0.6022727272727273,-0.14204545454545456,-0.625,-0.8011363636363636,-0.6306818181818182,-0.8181818181818182,-0.6363636363636364,-0.8693181818181818,-0.5965909090909091,-0.9886363636363636,-0.2159090909090909,-1.0,-0.14204545454545456,-0.3352272727272727,-0.24431818181818182,-0.07954545454545454,-0.32386363636363635,-0.23295454545454544,0.17613636363636365,-0.9431818181818182,0.23863636363636365,-0.22727272727272727,0.05113636363636364,-0.056818181818181816,-0.0625,-0.23863636363636365,0.5056818181818182,-0.8011363636363636,0.5227272727272727,-0.23863636363636365,0.375,-0.07954545454545454,0.29545454545454547,-0.17045454545454544
25,0.0,0.0,-0.36416184971098264,-0.028901734104046242,-0.815028901734104,-0.2138728323699422,-0.884393063583815,-0.1676300578034682,-0.5606936416184971,-0.11560693641618497,-0.5953757225433526,-0.8208092485549133,-0.5953757225433526,-0.791907514450867,-0.5433526011560693,-0.7803468208092486,-0.47398843930635837,-0.8786127167630058,-0.15028901734104047,-1.0,-0.06936416184971098,-0.24855491329479767,-0.1907514450867052,0.017341040462427744,-0.2947976878612717,-0.18497109826589594,0.26011560693641617,-0.930635838150289,0.3179190751445087,-0.1329479768786127,0.12716763005780346,0.017341040462427744,0.0,-0.2138728323699422,0.6011560693641619,-0.7745664739884393,0.5895953757225434,-0.15028901734104047,0.4393063583815029,0.0,0.36416184971098264,-0.12716763005780346
25,0.0,0.0,-0.4107142857142857,-0.011904761904761904,-0.9047619047619048,-0.21428571428571427,-0.9404761904761905,-0.16071428571428573,-0.5773809523809523,-0.08333333333333333,-0.625,-0.8095238095238095,-0.6964285714285714,-0.7738095238095238,-0.5535714285714286,-0.7142857142857143,-0.39285714285714285,-0.7857142857142857,-0.1488095238095238,-1.0,-0.11904761904761904,-0.25,-0.21428571428571427,0.02976190476190476,-0.3273809523809524,-0.19047619047619047,0.2857142857142857,-0.9285714285714286,0.31547619047619047,-0.13095238095238096,0.13690476190476192,0.017857142857142856,0.005952380952380952,-0.2261904761904762,0.6428571428571429,-0.7678571428571429,0.6130952380952381,-0.13690476190476192,0.4642857142857143,0.0,0.3869047619047619,-0.13690476190476192
25,0.0,0.0,-0.43209876543209874,-0.030864197530864196,-0.9135802469135802,-0.21604938271604937,-0.9012345679012346,-0.1419753086419753,-0.49382716049382713,-0.012345679012345678,-0.5925925925925926,-0.8148148148148148,-0.6728395061728395,-0.808641975308642,-0.5185185185185185,-0.7530864197530864,-0.35802469135802467,-0.7530864197530864,-0.08024691358024691,-1.0,-0.09876543209876543,-0.2654320987654321,-0.20987654320987653,0.037037037037037035,-0.32098765432098764,-0.15432098765432098,0.3765432098765432,-0.9197530864197531,0.345679012345679,-0.09259259259259259,0.16049382716049382,0.04938271604938271,0.024691358024691357,-0.17901234567901234,0.7469135802469136,-0.7469135802469136,0.6851851851851852,-0.08641975308641975,0.5432098765432098,0.06172839506172839,0.4691358024691358,-0.06172839506172839
25,0.0,0.0,-0.43506493506493504,-0.012987012987012988,-0.961038961038961,-0.21428571428571427,-0.9805194805194806,-0.12337662337662338,-0.577922077922078,0.05194805194805195,-0.6363636363636364,-0.8181818181818182,-0.7272727272727273,-0.7597402597402597,-0.6233766233766234,-0.7077922077922078,-0.525974025974026,-0.7142857142857143,-0.09090909090909091,-1.0,-0.11038961038961038,-0.21428571428571427,-0.21428571428571427,0.07142857142857142,-0.33116883116883117,-0.12987012987012986,0.38961038961038963,-0.9025974025974026,0.33766233766233766,-0.045454545454545456,0.15584415584415584,0.07142857142857142,0.025974025974025976,-0.16883116883116883,0.7792207792207793,-0.7272727272727273,0.7012987012987013,-0.05844155844155844,0.5584415584415584,0.06493506493506493,0.4805194805194805,-0.06493506493506493
25,0.0,0.0,-0.4605263157894737,-0.019736842105263157,-0.9671052631578947,-0.15789473684210525,-0.9736842105263158,-0.013157894736842105,-0.5723684210526315,0.09868421052631579,-0.6842105263157895,-0.7960526315789473,-0.7105263157894737,-0.75,-0.7171052631578947,-0.7631578947368421,-0.7368421052631579,-0.7960526315789473,-0.15789473684210525,-1.0,-0.19078947368421054,-0.09868421052631579,-0.29605263157894735,0.1513157894736842,-0.3881578947368421,-0.07894736842105263,0.3223684210526316,-0.9144736842105263,0.28289473684210525,0.006578947368421052,0.10526315789473684,0.10526315789473684,-0.013157894736842105,-0.13157894736842105,0.7302631578947368,-0.743421052631579,0.6644736842105263,-0.039473684210526314,0.506578947368421,0.09868421052631579,0.4276315789473684,-0.019736842105263157
25,0.0,0.0,-0.43636363636363634,-0.006060606060606061,-0.9151515151515152,-0.06666666666666667,-1.0,0.0,-0.7151515151515152,-0.006060606060606061,-0.7090909090909091,-0.7515151515151515,-0.7272727272727273,-0.6909090909090909,-0.7878787878787878,-0.696969696969697,-0.8545454545454545,-0.6666666666666666,-0.2545454545454545,-0.9333333333333333,-0.30303030303030304,-0.09090909090909091,-0.3393939393939394,0.1696969696969697,-0.3696969696969697,-0.006060606060606061,0.18181818181818182,-0.8484848484848485,0.12727272727272726,-0.030303030303030304,0.012121212121212121,0.09090909090909091,-0.05454545454545454,-0.09696969696969697,0.5454545454545454,-0.6727272727272727,0.503030303030303,-0.06060606060606061,0.36363636363636365,0.09090909090909091,0.30303030303030304,0.006060606060606061
25,0.0,0.0,-0.4093567251461988,-0.017543859649122806,-0.8421052631578947,-0.04093567251461988,-1.0,-0.023391812865497075,-0.8596491228070176,-0.13450292397660818,-0.7192982456140351,-0.7894736842105263,-0.7719298245614035,-0.7251461988304093,-0.8771929824561403,-0.7134502923976608,-0.9649122807017544,-0.6374269005847953,-0.30409356725146197,-0.9590643274853801,-0.38011695906432746,-0.10526315789473684,-0.3684210526315789,0.1286549707602339,-0.34502923976608185,-0.029239766081871343,0.11695906432748537,-0.8654970760233918,0.029239766081871343,-0.023391812865497075,-0.05263157894736842,0.07017543859649122,-0.07602339181286549,-0.11695906432748537,0.4678362573099415,-0.6783625730994152,0.38596491228070173,-0.03508771929824561,0.2631578947368421,0.08771929824561403,0.2222222222222222,-0.023391812865497075
25,0.0,0.0,-0.3954802259887006,-0.02824858757062147,-0.8418079096045198,-0.07909604519774012,-1.0,-0.05649717514124294,-0.807909604519774,-0.1638418079096045,-0.7062146892655368,-0.7853107344632768,-0.7401129943502824,-0.7005649717514124,-0.8531073446327684,-0.655367231638418,-0.943502824858757,-0.576271186440678,-0.2937853107344633,-0.943502824858757,-0.3502824858757062,-0.1016949152542373,-0.3672316384180791,0.1016949152542373,-0.3728813559322034,-0.07344632768361582,0.12429378531073447,-0.8531073446327684,0.05649717514124294,-0.011299435028248588,-0.02824858757062147,0.05649717514124294,-0.062146892655367235,-0.14689265536723164,0.4689265536723164,-0.6666666666666666,0.4011299435028249,-0.011299435028248588,0.288135593220339,0.0847457627118644,0.24858757062146894,-0.04519774011299435
25,0.0,0.0,-0.3939393939393939,-0.012121212121212121,-0.8909090909090909,-0.09696969696969697,-1.0,-0.048484848484848485,-0.7212121212121212,-0.05454545454545454,-0.703030303030303,-0.806060606060606,-0.7575757575757576,-0.6303030303030303,-0.8242424242424242,-0.5454545454545454,-0.8484848484848485,-0.48484848484848486,-0.23636363636363636,-0.9575757575757575,-0.23636363636363636,-0.030303030303030304,-0.3212121212121212,0.11515151515151516,-0.38181818181818183,-0.13333333333333333,0.22424242424242424,-0.8484848484848485,0.18181818181818182,0.07878787878787878,0.04242424242424243,0.08484848484848485,-0.030303030303030304,-0.17575757575757575,0.5878787878787879,-0.6545454545454545,0.5393939393939394,0.07272727272727272,0.4121212121212121,0.08484848484848485,0.36363636363636365,-0.13333333333333333
25,0.0,0.0,-0.425,-0.04375,-0.9,-0.2125,-0.9625,-0.125,-0.66875,-0.05,-0.64375,-0.875,-0.75625,-0.625,-0.65625,-0.4,-0.5375,-0.30625,-0.125,-1.0,-0.15,-0.0875,-0.25625,0.13125,-0.35625,-0.0625,0.35,-0.86875,0.3,0.05,0.11875,0.1125,-0.00625,-0.1625,0.71875,-0.66875,0.65625,0.0375,0.50625,0.1,0.43125,-0.1
25,0.0,0.0,-0.4176470588235294,-0.03529411764705882,-0.8647058823529412,-0.22941176470588234,-0.8705882352941177,-0.1411764705882353,-0.5588235294117647,0.011764705882352941,-0.5823529411764706,-0.8588235294117647,-0.611764705882353,-0.7647058823529411,-0.5529411764705883,-0.6352941176470588,-0.5117647058823529,-0.5941176470588235,-0.1,-1.0,-0.11176470588235295,-0.24705882352941178,-0.21764705882352942,0.029411764705882353,-0.3411764705882353,-0.14705882352941177,0.3352941176470588,-0.9,0.3058823529411765,-0.12352941176470589,0.1411764705882353,0.01764705882352941,0.0,-0.20588235294117646,0.6882352941176471,-0.7235294117647059,0.6411764705882353,-0.1,0.49411764705882355,0.029411764705882353,0.4,-0.11176470588235295
25,0.0,0.0,-0.38095238095238093,-0.02976190476190476,-0.8571428571428571,-0.24404761904761904,-0.8988095238095238,-0.18452380952380953,-0.5476190476190477,-0.047619047619047616,-0.5952380952380952,-0.8035714285714286,-0.6547619047619048,-0.7619047619047619,-0.5833333333333334,-0.7559523809523809,-0.4880952380952381,-0.8214285714285714,-0.13095238095238096,-1.0,-0.08928571428571429,-0.26785714285714285,-0.18452380952380953,-0.005952380952380952,-0.2619047619047619,-0.20833333333333334,0.2857142857142857,-0.9345238095238095,0.3273809523809524,-0.13095238095238096,0.14285714285714285,0.0,0.017857142857142856,-0.2261904761904762,0.6428571428571429,-0.7857142857142857,0.6369047619047619,-0.1488095238095238,0.49404761904761907,-0.005952380952380952,0.4166666666666667,-0.11904761904761904
25,0.0,0.0,-0.37349397590361444,-0.030120481927710843,-0.8614457831325302,-0.21084337349397592,-0.9518072289156626,-0.1746987951807229,-0.6144578313253012,-0.0963855421686747,-0.6746987951807228,-0.7831325301204819,-0.6987951807228916,-0.7590361445783133,-0.6987951807228916,-0.8132530120481928,-0.6566265060240963,-0.9096385542168675,-0.22289156626506024,-1.0,-0.1566265060240964,-0.3132530120481928,-0.24096385542168675,-0.04819277108433735,-0.3132530120481928,-0.22289156626506024,0.20481927710843373,-0.9518072289156626,0.26506024096385544,-0.19879518072289157,0.0783132530120482,-0.03614457831325301,-0.03614457831325301,-0.21686746987951808,0.572289156626506,-0.8192771084337349,0.6024096385542169,-0.2289156626506024,0.4457831325301205,-0.05421686746987952,0.3614457831325301,-0.12048192771084337
25,0.0,0.0,-0.38953488372093026,-0.01744186046511628,-0.872093023255814,-0.18604651162790697,-0.9825581395348837,-0.18023255813953487,-0.6453488372093024,-0.13953488372093023,-0.6976744186046512,-0.7906976744186046,-0.7209302325581395,-0.813953488372093,-0.7674418604651163,-0.8604651162790697,-0.7906976744186046,-0.9476744186046512,-0.27906976744186046,-1.0,-0.23837209302325582,-0.3430232558139535,-0.3023255813953488,-0.0755813953488372,-0.3430232558139535,-0.19186046511627908,0.12790697674418605,-0.9476744186046512,0.1569767441860465,-0.23837209302325582,0.023255813953488372,-0.05232558139534884,-0.040697674418604654,-0.18604651162790697,0.4883720930232558,-0.8023255813953488,0.48255813953488375,-0.25,0.3488372093023256,-0.06395348837209303,0.27906976744186046,-0.11046511627906977
25,0.0,0.0,-0.38764044943820225,-0.028089887640449437,-0.8595505617977528,-0.17415730337078653,-1.0,-0.16853932584269662,-0.702247191011236,-0.1348314606741573,-0.7134831460674157,-0.797752808988764,-0.7359550561797753,-0.8258426966292135,-0.8202247191011236,-0.8539325842696629,-0.8932584269662921,-0.8932584269662921,-0.3089887640449438,-0.9887640449438202,-0.33707865168539325,-0.28651685393258425,-0.3595505617977528,-0.0449438202247191,-0.3595505617977528,-0.16853932584269662,0.0898876404494382,-0.9269662921348315,0.06179775280898876,-0.21348314606741572,-0.0449438202247191,-0.0449438202247191,-0.07865168539325842,-0.17415730337078653,0.43820224719101125,-0.7640449438202247,0.398876404494382,-0.21910112359550563,0.2696629213483146,-0.05056179775280899,0.21348314606741572,-0.09550561797752809
25,0.0,0.0,-0.3756906077348066,-0.022099447513812154,-0.8397790055248618,-0.19337016574585636,-0.9779005524861878,-0.19337016574585636,-0.7071823204419889,-0.12154696132596685,-0.7182320441988951,-0.7955801104972375,-0.7182320441988951,-0.8397790055248618,-0.8011049723756906,-0.8839779005524862,-0.856353591160221,-0.9447513812154696,-0.32044198895027626,-1.0,-0.30386740331491713,-0.2983425414364641,-0.32044198895027626,-0.055248618784530384,-0.32044198895027626,-0.19889502762430938,0.08287292817679558,-0.9447513812154696,0.09392265193370165,-0.23204419889502761,-0.022099447513812154,-0.0718232044198895,-0.07734806629834254,-0.2265193370165746,0.430939226519337,-0.7955801104972375,0.4198895027624309,-0.23756906077348067,0.292817679558011,-0.08287292817679558,0.23756906077348067,-0.16574585635359115
25,0.0,0.0,-0.3812154696132597,-0.022099447513812154,-0.8729281767955801,-0.1878453038674033,-0.9723756906077348,-0.12154696132596685,-0.6519337016574586,-0.022099447513812154,-0.6795580110497238,-0.7900552486187845,-0.7071823204419889,-0.7237569060773481,-0.712707182320442,-0.7513812154696132,-0.7016574585635359,-0.8342541436464088,-0.2154696132596685,-1.0,-0.19337016574585636,-0.19889502762430938,-0.26519337016574585,0.03867403314917127,-0.3314917127071823,-0.14917127071823205,0.20994475138121546,-0.9226519337016574,0.2265193370165746,-0.11602209944751381,0.055248618784530384,0.0055248618784530384,-0.049723756906077346,-0.1878453038674033,0.56353591160221,-0.7624309392265194,0.5414364640883977,-0.15469613259668508,0.39226519337016574,-0.016574585635359115,0.3259668508287293,-0.11049723756906077
25,0.0,0.0,-0.4152046783625731,-0.011695906432748537,-0.9298245614035088,-0.15204678362573099,-1.0,-0.04678362573099415,-0.6549707602339181,0.04678362573099415,-0.6900584795321637,-0.7777777777777778,-0.7309941520467836,-0.695906432748538,-0.7485380116959064,-0.7251461988304093,-0.7660818713450293,-0.783625730994152,-0.2046783625730994,-0.9941520467836257,-0.2222222222222222,-0.1695906432748538,-0.2807017543859649,0.06432748538011696,-0.34502923976608185,-0.11695906432748537,0.24561403508771928,-0.9239766081871345,0.21637426900584794,-0.0935672514619883,0.08187134502923976,0.03508771929824561,-0.011695906432748537,-0.14619883040935672,0.6198830409356725,-0.7660818713450293,0.5847953216374269,-0.14619883040935672,0.4502923976608187,0.0,0.38011695906432746,-0.08187134502923976
25,0.0,0.0,-0.4909090909090909,0.012121212121212121,-1.0,-0.05454545454545454,-0.9939393939393939,0.048484848484848485,-0.6121212121212121,0.1393939393939394,-0.7454545454545455,-0.7393939393939394,-0.793939393939394,-0.6363636363636364,-0.8181818181818182,-0.6545454545454545,-0.8484848484848485,-0.6727272727272727,-0.2545454545454545,-0.9272727272727272,-0.2909090909090909,-0.04242424242424243,-0.32727272727272727,0.21818181818181817,-0.37575757575757573,0.024242424242424242,0.21212121212121213,-0.8484848484848485,0.15757575757575756,0.012121212121212121,0.01818181818181818,0.12727272727272726,-0.05454545454545454,-0.06060606060606061,0.6060606060606061,-0.6727272727272727,0.5515151515151515,-0.048484848484848485,0.3878787878787879,0.08484848484848485,0.32727272727272727,-0.012121212121212121
25,0.0,0.0,-0.44025157232704404,0.006289308176100629,-0.9371069182389937,-0.07547169811320754,-1.0,0.0440251572327044,-0.6666666666666666,0.11320754716981132,-0.7232704402515723,-0.7044025157232704,-0.7421383647798742,-0.610062893081761,-0.779874213836478,-0.6352201257861635,-0.8364779874213837,-0.6855345911949685,-0.2578616352201258,-0.9119496855345912,-0.2578616352201258,-0.0880503144654088,-0.2893081761006289,0.1761006289308176,-0.34591194968553457,0.025157232704402517,0.18867924528301888,-0.8490566037735849,0.1761006289308176,-0.0440251572327044,0.05660377358490566,0.1069182389937107,-0.025157232704402517,-0.06289308176100629,0.5660377358490566,-0.6981132075471698,0.5534591194968553,-0.11320754716981132,0.4276729559748428,0.0440251572327044,0.3584905660377358,-0.031446540880503145
25,0.0,0.0,-0.3959731543624161,0.006711409395973154,-0.8926174496644296,-0.12080536912751678,-1.0,-0.013422818791946308,-0.7114093959731543,0.053691275167785234,-0.7248322147651006,-0.7046979865771812,-0.7248322147651006,-0.6510067114093959,-0.7785234899328859,-0.6845637583892618,-0.8389261744966443,-0.7449664429530202,-0.28859060402684567,-0.9328859060402684,-0.2550335570469799,-0.1610738255033557,-0.28859060402684567,0.08053691275167785,-0.31543624161073824,-0.04697986577181208,0.14093959731543623,-0.8926174496644296,0.15436241610738255,-0.10738255033557047,0.040268456375838924,0.03355704697986577,-0.020134228187919462,-0.12751677852348994,0.5100671140939598,-0.7651006711409396,0.5033557046979866,-0.174496644295302,0.3825503355704698,-0.020134228187919462,0.31543624161073824,-0.10067114093959731
25,0.0,0.0,-0.3893129770992366,0.015267175572519083,-0.8931297709923665,-0.0916030534351145,-1.0,0.007633587786259542,-0.6946564885496184,0.04580152671755725,-0.732824427480916,-0.6717557251908397,-0.732824427480916,-0.6335877862595419,-0.7938931297709924,-0.6641221374045801,-0.8625954198473282,-0.7251908396946565,-0.32061068702290074,-0.9007633587786259,-0.2824427480916031,-0.1297709923664122,-0.31297709923664124,0.11450381679389313,-0.33587786259541985,0.0,0.09923664122137404,-0.8702290076335878,0.1297709923664122,-0.07633587786259542,0.015267175572519083,0.061068702290076333,-0.04580152671755725,-0.10687022900763359,0.46564885496183206,-0.7557251908396947,0.46564885496183206,-0.16793893129770993,0.3511450381679389,-0.015267175572519083,0.2824427480916031,-0.09923664122137404
25,0.0,0.0,-0.37398373983739835,0.016260162601626018,-0.8780487804878049,-0.06504065040650407,-1.0,0.008130081300813009,-0.6910569105691057,0.032520325203252036,-0.7723577235772358,-0.6422764227642277,-0.7804878048780488,-0.6260162601626016,-0.8536585365853658,-0.6422764227642277,-0.9186991869918699,-0.6991869918699187,-0.3983739837398374,-0.8861788617886179,-0.3333333333333333,-0.16260162601626016,-0.3170731707317073,0.07317073170731707,-0.3333333333333333,-0.032520325203252036,0.008130081300813009,-0.8780487804878049,0.07317073170731707,-0.14634146341463414,-0.016260162601626018,0.008130081300813009,-0.06504065040650407,-0.13008130081300814,0.37398373983739835,-0.7886178861788617,0.3983739837398374,-0.2601626016260163,0.2926829268292683,-0.08130081300813008,0.22764227642276422,-0.12195121951219512
25,0.0,0.0,-0.3983050847457627,0.00847457627118644,-0.864406779661017,-0.07627118644067797,-1.0,-0.025423728813559324,-0.7288135593220338,0.00847457627118644,-0.788135593220339,-0.6610169491525424,-0.7966101694915254,-0.6610169491525424,-0.864406779661017,-0.6779661016949152,-0.9322033898305084,-0.7372881355932204,-0.423728813559322,-0.8898305084745762,-0.3728813559322034,-0.15254237288135594,-0.3559322033898305,0.09322033898305085,-0.3644067796610169,-0.0423728813559322,-0.03389830508474576,-0.8728813559322034,0.01694915254237288,-0.15254237288135594,-0.06779661016949153,0.0,-0.11864406779661017,-0.1440677966101695,0.3220338983050847,-0.7796610169491526,0.3305084745762712,-0.2457627118644068,0.2457627118644068,-0.07627118644067797,0.2033898305084746,-0.1271186440677966
25,0.0,0.0,-0.40540540540540543,0.036036036036036036,-0.9099099099099099,-0.09009009009009009,-1.0,-0.05405405405405406,-0.7117117117117117,0.036036036036036036,-0.7657657657657657,-0.7027027027027027,-0.7657657657657657,-0.6486486486486487,-0.7747747747747747,-0.6306306306306306,-0.7927927927927928,-0.6936936936936937,-0.35135135135135137,-0.918918918918919,-0.2702702702702703,-0.15315315315315314,-0.2972972972972973,0.08108108108108109,-0.35135135135135137,-0.0990990990990991,0.06306306306306306,-0.8918918918918919,0.13513513513513514,-0.0990990990990991,0.02702702702702703,0.02702702702702703,-0.05405405405405406,-0.18018018018018017,0.4144144144144144,-0.7747747747747747,0.43243243243243246,-0.16216216216216217,0.36036036036036034,-0.04504504504504504,0.34234234234234234,-0.1891891891891892
25,0.0,0.0,-0.40540540540540543,0.02702702702702703,-0.9279279279279279,-0.11711711711711711,-1.0,-0.11711711711711711,-0.6576576576576577,-0.06306306306306306,-0.6756756756756757,-0.6846846846846847,-0.7027027027027027,-0.6936936936936937,-0.6396396396396397,-0.7027027027027027,-0.5495495495495496,-0.7747747747747747,-0.24324324324324326,-0.9279279279279279,-0.11711711711711711,-0.23423423423423423,-0.1981981981981982,0.06306306306306306,-0.32432432432432434,-0.07207207207207207,0.17117117117117117,-0.918918918918919,0.27927927927927926,-0.15315315315315314,0.08108108108108109,0.018018018018018018,-0.08108108108108109,-0.14414414414414414,0.5225225225225225,-0.8108108108108109,0.5675675675675675,-0.23423423423423423,0.40540540540540543,-0.06306306306306306,0.3063063063063063,-0.12612612612612611
25,0.0,0.0,-0.39823008849557523,0.0,-0.9203539823008849,-0.1415929203539823,-1.0,-0.1592920353982301,-0.6548672566371682,-0.1415929203539823,-0.672566371681416,-0.7168141592920354,-0.6637168141592921,-0.7345132743362832,-0.6106194690265486,-0.7964601769911505,-0.5221238938053098,-0.9203539823008849,-0.26548672566371684,-0.9646017699115044,-0.1415929203539823,-0.3008849557522124,-0.23008849557522124,-0.008849557522123894,-0.336283185840708,-0.1415929203539823,0.13274336283185842,-0.9646017699115044,0.24778761061946902,-0.23893805309734514,0.061946902654867256,-0.04424778761061947,-0.08849557522123894,-0.17699115044247787,0.48672566371681414,-0.8672566371681416,0.5398230088495575,-0.3185840707964602,0.3805309734513274,-0.12389380530973451,0.2743362831858407,-0.1504424778761062
25,0.0,0.0,-0.36065573770491804,0.00819672131147541,-0.8442622950819673,-0.13934426229508196,-0.9180327868852459,-0.1885245901639344,-0.5901639344262295,-0.1885245901639344,-0.639344262295082,-0.7295081967213115,-0.6311475409836066,-0.7868852459016393,-0.5983606557377049,-0.8688524590163934,-0.5163934426229508,-1.0,-0.2540983606557377,-0.9508196721311475,-0.16393442622950818,-0.4180327868852459,-0.2459016393442623,-0.09836065573770492,-0.319672131147541,-0.14754098360655737,0.11475409836065574,-0.9426229508196722,0.21311475409836064,-0.32786885245901637,0.05737704918032787,-0.09016393442622951,-0.04918032786885246,-0.16393442622950818,0.4426229508196721,-0.8524590163934426,0.47540983606557374,-0.36885245901639346,0.3524590163934426,-0.16393442622950818,0.26229508196721313,-0.18032786885245902
25,0.0,0.0,-0.3560606060606061,-0.007575757575757576,-0.8106060606060606,-0.17424242424242425,-0.8939393939393939,-0.24242424242424243,-0.5984848484848485,-0.24242424242424243,-0.6666666666666666,-0.7121212121212122,-0.6742424242424242,-0.803030303030303,-0.6893939393939394,-0.8863636363636364,-0.6742424242424242,-1.0,-0.3181818181818182,-0.9318181818181818,-0.25,-0.4393939393939394,-0.3106060606060606,-0.1590909090909091,-0.36363636363636365,-0.1893939393939394,0.030303030303030304,-0.9242424242424242,0.09848484848484848,-0.38636363636363635,-0.022727272727272728,-0.16666666666666666,-0.09848484848484848,-0.21212121212121213,0.3484848484848485,-0.8257575757575758,0.3787878787878788,-0.4015151515151515,0.26515151515151514,-0.20454545454545456,0.1893939393939394,-0.21212121212121213
25,0.0,0.0,-0.39669421487603307,0.01652892561983471,-0.8677685950413223,-0.09090909090909091,-1.0,-0.10743801652892562,-0.7355371900826446,-0.1322314049586777,-0.7603305785123967,-0.7107438016528925,-0.7851239669421488,-0.7603305785123967,-0.8429752066115702,-0.8099173553719008,-0.9008264462809917,-0.9008264462809917,-0.39669421487603307,-0.9421487603305785,-0.36363636363636365,-0.30578512396694213,-0.371900826446281,-0.01652892561983471,-0.3884297520661157,-0.0743801652892562,-0.01652892561983471,-0.9256198347107438,0.01652892561983471,-0.2727272727272727,-0.06611570247933884,-0.05785123966942149,-0.10743801652892562,-0.14049586776859505,0.34710743801652894,-0.8264462809917356,0.33884297520661155,-0.33884297520661155,0.2396694214876033,-0.12396694214876033,0.17355371900826447,-0.11570247933884298
25,0.0,0.0,-0.3888888888888889,-0.015873015873015872,-0.8412698412698413,-0.11904761904761904,-1.0,-0.1111111111111111,-0.746031746031746,-0.07142857142857142,-0.7857142857142857,-0.6746031746031746,-0.8015873015873016,-0.6984126984126984,-0.8968253968253969,-0.7301587301587301,-0.9682539682539683,-0.8015873015873016,-0.42857142857142855,-0.8968253968253969,-0.40476190476190477,-0.23015873015873015,-0.373015873015873,0.0,-0.3492063492063492,-0.07142857142857142,-0.047619047619047616,-0.873015873015873,-0.031746031746031744,-0.20634920634920634,-0.09523809523809523,-0.03968253968253968,-0.1111111111111111,-0.14285714285714285,0.29365079365079366,-0.7619047619047619,0.2777777777777778,-0.23809523809523808,0.19047619047619047,-0.06349206349206349,0.15079365079365079,-0.10317460317460317
25,0.0,0.0,-0.40869565217391307,0.008695652173913044,-0.9130434782608695,-0.1391304347826087,-1.0,-0.11304347826086956,-0.6869565217391305,-0.034782608695652174,-0.7391304347826086,-0.782608695652174,-0.7652173913043478,-0.6782608695652174,-0.7130434782608696,-0.5565217391304348,-0.6695652173913044,-0.6,-0.30434782608695654,-0.9826086956521739,-0.23478260869565218,-0.23478260869565218,-0.2782608695652174,0.05217391304347826,-0.34782608695652173,-0.1391304347826087,0.12173913043478261,-0.9391304347826087,0.19130434782608696,-0.16521739130434782,0.043478260869565216,0.017391304347826087,-0.06086956521739131,-0.16521739130434782,0.4782608695652174,-0.8173913043478261,0.5043478260869565,-0.23478260869565218,0.3826086956521739,-0.06086956521739131,0.33043478260869563,-0.1565217391304348
25,0.0,0.0,-0.415929203539823,0.02654867256637168,-0.9380530973451328,-0.1592920353982301,-1.0,-0.10619469026548672,-0.6548672566371682,-0.02654867256637168,-0.6814159292035398,-0.7522123893805309,-0.7079646017699115,-0.6902654867256637,-0.6637168141592921,-0.5929203539823009,-0.6283185840707964,-0.6371681415929203,-0.22123893805309736,-0.9469026548672567,-0.19469026548672566,-0.26548672566371684,-0.23893805309734514,0.017699115044247787,-0.3185840707964602,-0.1415929203539823,0.21238938053097345,-0.9026548672566371,0.23008849557522124,-0.1592920353982301,0.08849557522123894,0.017699115044247787,-0.035398230088495575,-0.1592920353982301,0.5752212389380531,-0.7876106194690266,0.5398230088495575,-0.23893805309734514,0.415929203539823,-0.05309734513274336,0.34513274336283184,-0.10619469026548672
25,0.0,0.0,-0.41818181818181815,0.0,-0.9272727272727272,-0.10909090909090909,-1.0,-0.045454545454545456,-0.7090909090909091,-0.03636363636363636,-0.7181818181818181,-0.7545454545454545,-0.7454545454545455,-0.7272727272727273,-0.7818181818181819,-0.7,-0.8181818181818182,-0.6909090909090909,-0.2818181818181818,-0.9545454545454546,-0.2636363636363636,-0.16363636363636364,-0.3090909090909091,0.09090909090909091,-0.39090909090909093,-0.1,0.15454545454545454,-0.9090909090909091,0.16363636363636364,-0.09090909090909091,0.05454545454545454,0.045454545454545456,-0.045454545454545456,-0.15454545454545454,0.5272727272727272,-0.7909090909090909,0.5,-0.18181818181818182,0.39090909090909093,-0.02727272727272727,0.32727272727272727,-0.13636363636363635
25,0.0,0.0,-0.3858267716535433,-0.015748031496062992,-0.8267716535433071,-0.06299212598425197,-1.0,-0.05511811023622047,-0.8267716535433071,-0.16535433070866143,-0.7637795275590551,-0.6929133858267716,-0.7952755905511811,-0.6220472440944882,-0.8818897637795275,-0.5826771653543307,-0.968503937007874,-0.5511811023622047,-0.4251968503937008,-0.8582677165354331,-0.44881889763779526,-0.14173228346456693,-0.4251968503937008,0.05511811023622047,-0.4015748031496063,-0.047244094488188976,-0.06299212598425197,-0.8188976377952756,-0.09448818897637795,-0.11811023622047244,-0.12598425196850394,0.0,-0.13385826771653545,-0.12598425196850394,0.2677165354330709,-0.7007874015748031,0.2283464566929134,-0.1889763779527559,0.14173228346456693,-0.023622047244094488,0.10236220472440945,-0.06299212598425197
25,0.0,0.0,-0.36363636363636365,-0.008264462809917356,-0.8181818181818182,-0.06611570247933884,-1.0,-0.0743801652892562,-0.7768595041322314,-0.1322314049586777,-0.7272727272727273,-0.7024793388429752,-0.7603305785123967,-0.628099173553719,-0.8512396694214877,-0.5619834710743802,-0.9173553719008265,-0.48760330578512395,-0.36363636363636365,-0.8677685950413223,-0.36363636363636365,-0.11570247933884298,-0.3305785123966942,0.08264462809917356,-0.32231404958677684,-0.0743801652892562,0.01652892561983471,-0.8264462809917356,0.008264462809917356,-0.05785123966942149,-0.01652892561983471,0.024793388429752067,-0.01652892561983471,-0.15702479338842976,0.34710743801652894,-0.6942148760330579,0.32231404958677684,-0.09917355371900827,0.2892561983471074,0.008264462809917356,0.2975206611570248,-0.11570247933884298
25,0.0,0.0,-0.3853211009174312,0.01834862385321101,-0.8807339449541285,-0.10091743119266056,-1.0,-0.06422018348623854,-0.7064220183486238,-0.045871559633027525,-0.6880733944954128,-0.7247706422018348,-0.7155963302752294,-0.5321100917431193,-0.6605504587155964,-0.43119266055045874,-0.6055045871559633,-0.44036697247706424,-0.23853211009174313,-0.908256880733945,-0.11926605504587157,-0.05504587155963303,-0.21100917431192662,0.03669724770642202,-0.30275229357798167,-0.14678899082568808,0.2018348623853211,-0.8532110091743119,0.27522935779816515,0.0,0.13761467889908258,-0.009174311926605505,0.027522935779816515,-0.25688073394495414,0.5596330275229358,-0.7155963302752294,0.5871559633027523,-0.08256880733944955,0.4954128440366973,-0.06422018348623854,0.43119266055045874,-0.27522935779816515
25,0.0,0.0,-0.38596491228070173,0.008771929824561403,-0.9035087719298246,-0.18421052631578946,-1.0,-0.15789473684210525,-0.6754385964912281,-0.08771929824561403,-0.6228070175438597,-0.7192982456140351,-0.6666666666666666,-0.7017543859649122,-0.5526315789473685,-0.6140350877192983,-0.42105263157894735,-0.6140350877192983,-0.16666666666666666,-0.9210526315789473,-0.10526315789473684,-0.23684210526315788,-0.20175438596491227,0.02631578947368421,-0.3157894736842105,-0.07017543859649122,0.23684210526315788,-0.868421052631579,0.2807017543859649,-0.12280701754385964,0.08771929824561403,0.03508771929824561,-0.06140350877192982,-0.12280701754385964,0.5701754385964912,-0.7456140350877193,0.5701754385964912,-0.15789473684210525,0.41228070175438597,0.008771929824561403,0.2894736842105263,-0.06140350877192982
25,0.0,0.0,-0.41818181818181815,0.0,-0.9454545454545454,-0.2,-1.0,-0.18181818181818182,-0.6272727272727273,-0.11818181818181818,-0.6454545454545455,-0.7363636363636363,-0.6454545454545455,-0.8,-0.5181818181818182,-0.8,-0.37272727272727274,-0.8272727272727273,-0.2,-0.9727272727272728,-0.1,-0.34545454545454546,-0.17272727272727273,-0.02727272727272727,-0.2727272727272727,-0.1,0.20909090909090908,-0.9636363636363636,0.3090909090909091,-0.22727272727272727,0.11818181818181818,-0.01818181818181818,-0.045454545454545456,-0.14545454545454545,0.5636363636363636,-0.8636363636363636,0.6181818181818182,-0.2727272727272727,0.4636363636363636,-0.05454545454545454,0.3181818181818182,-0.09090909090909091
25,0.0,0.0,-0.38596491228070173,-0.017543859649122806,-0.8771929824561403,-0.20175438596491227,-0.9385964912280702,-0.23684210526315788,-0.5964912280701754,-0.18421052631578946,-0.6228070175438597,-0.7982456140350878,-0.631578947368421,-0.8070175438596491,-0.5614035087719298,-0.7982456140350878,-0.4824561403508772,-0.8771929824561403,-0.21052631578947367,-1.0,-0.09649122807017543,-0.4649122807017544,-0.18421052631578946,-0.14912280701754385,-0.2982456140350877,-0.2807017543859649,0.18421052631578946,-0.9824561403508771,0.2719298245614035,-0.3157894736842105,0.10526315789473684,-0.10526315789473684,-0.02631578947368421,-0.2543859649122807,0.5263157894736842,-0.8859649122807017,0.5526315789473685,-0.34210526315789475,0.42105263157894735,-0.14912280701754385,0.3157894736842105,-0.21052631578947367
25,0.0,0.0,-0.39285714285714285,-0.017857142857142856,-0.8928571428571429,-0.16964285714285715,-1.0,-0.17857142857142858,-0.6785714285714286,-0.13392857142857142,-0.7142857142857143,-0.7767857142857143,-0.7321428571428571,-0.7678571428571429,-0.7589285714285714,-0.7946428571428571,-0.7678571428571429,-0.8839285714285714,-0.3125,-0.9910714285714286,-0.24107142857142858,-0.36607142857142855,-0.2767857142857143,-0.09821428571428571,-0.3392857142857143,-0.20535714285714285,0.08928571428571429,-0.9642857142857143,0.16071428571428573,-0.30357142857142855,0.03571428571428571,-0.10714285714285714,-0.044642857142857144,-0.22321428571428573,0.45535714285714285,-0.8571428571428571,0.48214285714285715,-0.3482142857142857,0.36607142857142855,-0.15178571428571427,0.2857142857142857,-0.19642857142857142
25,0.0,0.0,-0.3898305084745763,-0.025423728813559324,-0.8559322033898306,-0.13559322033898305,-1.0,-0.13559322033898305,-0.7372881355932204,-0.1271186440677966,-0.7457627118644068,-0.7711864406779662,-0.7627118644067796,-0.7542372881355932,-0.8305084745762712,-0.7627118644067796,-0.9067796610169492,-0.788135593220339,-0.3728813559322034,-0.9576271186440678,-0.3728813559322034,-0.2627118644067797,-0.3813559322033898,-0.01694915254237288,-0.3813559322033898,-0.1271186440677966,0.00847457627118644,-0.9067796610169492,0.0,-0.22033898305084745,-0.0847457627118644,-0.05084745762711865,-0.11864406779661017,-0.1694915254237288,0.3644067796610169,-0.7796610169491526,0.3305084745762712,-0.2796610169491525,0.211864406779661,-0.09322033898305085,0.15254237288135594,-0.11864406779661017
